{
    "BTCV_npz/0001.npz": {
        "1": 0.5865518315089889,
        "2": 0.5868900040214712,
        "3": 0.6332677807314879,
        "4": 0.1626535050593184,
        "5": 0.32407394169871473,
        "6": 0.9222724442713947,
        "7": 0.6709246133686098,
        "8": 0.47399919268502433,
        "9": 0.40442414820572614,
        "10": 0.22865891920383524,
        "11": 0.18144737880342088,
        "12": 0.017985611510791366,
        "13": 0.0037651891151805577,
        "mean_dice": 0.3997626584756896
    },
    "BTCV_npz/0002.npz": {
        "1": 0.5304911425592965,
        "2": 0.4616753750210686,
        "3": 0.4697323449775844,
        "4": 0.31881061131542093,
        "5": 0.1835971855760774,
        "6": 0.7724954859905655,
        "7": 0.23466375135882991,
        "8": 0.414119569396386,
        "9": 0.39183329139964773,
        "10": 0.15938150460898007,
        "11": 0.0019112464910708952,
        "12": 0.0008890864636585908,
        "13": 0.008844186248157462,
        "mean_dice": 0.3037265216466726
    },
    "BTCV_npz/0003.npz": {
        "1": 0.5671342118658447,
        "2": 0.5018559124066669,
        "3": 0.5251647256902167,
        "4": 0.4839193916134423,
        "5": 0.24234550674429423,
        "6": 0.8616087782310875,
        "7": 0.7310823804897492,
        "8": 0.5459617489619752,
        "9": 0.29928647828971416,
        "10": 0.2011933021107333,
        "11": 0.15310692664455106,
        "12": 0.0,
        "13": 0.0196078431372549,
        "mean_dice": 0.3947897850911947
    },
    "BTCV_npz/0004.npz": {
        "1": 0.5028173023945535,
        "2": 0.6888465603549403,
        "3": 0.6089928263689549,
        "4": 0.185492863514719,
        "5": 0.22667249084372165,
        "6": 0.8441333168714465,
        "7": 0.4551200555420307,
        "8": 0.44672074320576816,
        "9": 0.329455642175277,
        "10": 0.14249662538881389,
        "11": 0.05445693852052906,
        "12": 0.015205271160669031,
        "13": 0.004261088514429595,
        "mean_dice": 0.3465132096042964
    },
    "BTCV_npz/0005.npz": {
        "1": 0.6022519034219425,
        "2": 0.5248139689709513,
        "3": 0.5530486699596683,
        "4": 0.40288952911151854,
        "5": 0.25744759883258156,
        "6": 0.9141297763024865,
        "7": 0.6770083516497798,
        "8": 0.752520008544928,
        "9": 0.23098286057639464,
        "10": 0.23909462379393706,
        "11": 0.028150043773991516,
        "12": 0.08342989571263036,
        "13": 0.16056553305311425,
        "mean_dice": 0.4174102125926096
    },
    "BTCV_npz/0006.npz": {
        "1": 0.4536302063386304,
        "2": 0.5094840403289504,
        "3": 0.4464475550769967,
        "4": 0.29272872098315883,
        "5": 0.17906500033062223,
        "6": 0.8844479922424335,
        "7": 0.34636614030659835,
        "8": 0.37815078557703174,
        "9": 0.43975890754089964,
        "10": 0.3107133456172677,
        "11": 0.03574053978366647,
        "12": 0.0065853186132093745,
        "13": 0.0005124263387138099,
        "mean_dice": 0.3295100753137061
    },
    "BTCV_npz/0007.npz": {
        "1": 0.7080331609896549,
        "2": 0.47420486343751234,
        "3": 0.4827795579180363,
        "4": 0.36438001905539674,
        "5": 0.2871697071591679,
        "6": 0.8307853036906605,
        "7": 0.10513267678840103,
        "8": 0.5464541871340569,
        "9": 0.283405833932921,
        "10": 0.021900422263043635,
        "11": 0.0038477624424926807,
        "12": 0.04956806672624367,
        "13": 0.03144944252210688,
        "mean_dice": 0.32223930800459194
    },
    "BTCV_npz/0008.npz": {
        "1": 0.7854475807835198,
        "2": 0.1804724756732916,
        "3": 0.179173365140279,
        "4": 0.24871027093329484,
        "5": 0.21558135161472314,
        "6": 0.861696246792178,
        "7": 0.10691548187189272,
        "8": 0.30486226974020225,
        "9": 0.4152278557634105,
        "10": 0.11105730427764327,
        "11": 0.21879900378193892,
        "12": 0.0,
        "13": 0.2144469525959368,
        "mean_dice": 0.2955684737667931
    },
    "BTCV_npz/0009.npz": {
        "1": 0.7974028981508399,
        "2": 0.4518479404916737,
        "3": 0.41012270826167047,
        "4": 0.19195953141640043,
        "5": 0.2185631129893948,
        "6": 0.7946771688365881,
        "7": 0.4107654037504784,
        "8": 0.3833904109589041,
        "9": 0.38251596956221423,
        "10": 0.3688924571976727,
        "11": 0.04586184141978953,
        "12": 0.0,
        "13": 0.0016835016835016834,
        "mean_dice": 0.34289868805531754
    },
    "BTCV_npz/0010.npz": {
        "1": 0.46855992242631195,
        "2": 0.506752602187698,
        "3": 0.5883276409611121,
        "4": 0.18372254794792806,
        "5": 0.2614668396550408,
        "6": 0.8610104073674987,
        "7": 0.8220943313421452,
        "8": 0.5361019593120724,
        "9": 0.2926896151240443,
        "10": 0.1424314929348562,
        "11": 0.14769839416459468,
        "12": 0.0,
        "13": 0.04129333852746397,
        "mean_dice": 0.3732422378423666
    },
    "BTCV_npz/0021.npz": {
        "1": 0.49488750677531673,
        "2": 0.5143305779157492,
        "3": 0.5395216899283289,
        "4": 0.2935094176920067,
        "5": 0.17416597838187237,
        "6": 0.901972756826893,
        "7": 0.5584671180482491,
        "8": 0.43217074945428086,
        "9": 0.3203252482230273,
        "10": 0.17156786875096736,
        "11": 0.022781738207189442,
        "12": 0.012736236647493838,
        "13": 0.0969853020062225,
        "mean_dice": 0.3487247837582768
    },
    "BTCV_npz/0022.npz": {
        "1": 0.3613812198210315,
        "2": 0.4055747787770289,
        "3": 0.37973648553941036,
        "4": 0.14008388412045034,
        "5": 0.2258908139915005,
        "6": 0.558226033209463,
        "7": 0.022007111630343575,
        "8": 0.4552876099626943,
        "9": 0.3479785859331733,
        "10": 0.028519120187720792,
        "11": 0.014453902277249613,
        "12": 0.0009832841691248771,
        "13": 0.0,
        "mean_dice": 0.22616329458609163
    },
    "BTCV_npz/0023.npz": {
        "1": 0.30896855895364567,
        "2": 0.3776565690048743,
        "3": 0.39907808831845365,
        "5": 0.195504780827021,
        "6": 0.7468536268650907,
        "7": 0.028612429411735897,
        "8": 0.47704156310044016,
        "9": 0.19984587721551503,
        "10": 0.04892458976589847,
        "11": 0.029918243009829683,
        "12": 0.03667814527108192,
        "13": 0.008157389635316698,
        "mean_dice": 0.23810332178157526
    },
    "BTCV_npz/0024.npz": {
        "1": 0.7649585802863734,
        "2": 0.45401844427579796,
        "3": 0.46858583558894706,
        "4": 0.07870061769541839,
        "5": 0.17521041846601976,
        "6": 0.7692636049563704,
        "7": 0.3413963858857691,
        "8": 0.38712588949351195,
        "9": 0.2873429868660393,
        "10": 0.14091194367888232,
        "11": 0.023847718590305454,
        "12": 0.023241206030150754,
        "13": 0.1643542309009935,
        "mean_dice": 0.313765989439583
    },
    "BTCV_npz/0025.npz": {
        "1": 0.4401090097565163,
        "2": 0.42047716917021855,
        "3": 0.40118665456397085,
        "4": 0.28242275826935626,
        "5": 0.18461264311489287,
        "6": 0.6973600962319381,
        "7": 0.39402044337324327,
        "8": 0.3490064582906554,
        "9": 0.16843938184720308,
        "10": 0.07322704782847718,
        "11": 0.048051024038217205,
        "12": 0.02052714684805053,
        "13": 0.022943980929678188,
        "mean_dice": 0.2694141395586475
    },
    "BTCV_npz/0026.npz": {
        "1": 0.39365858474731663,
        "2": 0.3963478360009881,
        "3": 0.41036390444305354,
        "4": 0.15319990785783005,
        "5": 0.22545435100829495,
        "6": 0.694043373026545,
        "7": 0.07320507709520196,
        "8": 0.48197526345488095,
        "9": 0.3434571547139948,
        "10": 0.06899036296496443,