{
    "BTCV_npz/0001.npz": {
        "1": 0.9738952178601552,
        "2": 0.953514074984245,
        "3": 0.9467716884845795,
        "4": 0.7505566588433532,
        "5": 0.8285127000440464,
        "6": 0.9562716605576846,
        "7": 0.9382469127723951,
        "8": 0.9168393256144627,
        "9": 0.8627255932925962,
        "10": 0.663742041747173,
        "11": 0.8588285049693382,
        "12": 0.656264341441028,
        "13": 0.696415770609319,
        "mean_dice": 0.8463526531707982
    },
    "BTCV_npz/0002.npz": {
        "1": 0.9398921412762243,
        "2": 0.9333961607014812,
        "3": 0.9362178830841876,
        "4": 0.8506607005523317,
        "5": 0.7489224137931034,
        "6": 0.9602227069222822,
        "7": 0.9390947533855784,
        "8": 0.9104521888994053,
        "9": 0.9089715834512384,
        "10": 0.6552692636463548,
        "11": 0.8458603185716786,
        "12": 0.6581573450916686,
        "13": 0.6400563926337122,
        "mean_dice": 0.8405518347699421
    },
    "BTCV_npz/0003.npz": {
        "1": 0.9585911203718545,
        "2": 0.9274742760156995,
        "3": 0.9381452331988104,
        "4": 0.9215507504728727,
        "5": 0.7867842789289629,
        "6": 0.9460054572789866,
        "7": 0.9433938248593421,
        "8": 0.8163080594067552,
        "9": 0.718434675791875,
        "10": 0.8025227460711332,
        "11": 0.8763909931560524,
        "12": 0.6063748079877113,
        "13": 0.6916584456867259,
        "mean_dice": 0.8410488207097523
    },
    "BTCV_npz/0004.npz": {
        "1": 0.9500900591474933,
        "2": 0.95281126122482,
        "3": 0.9536323559940896,
        "4": 0.7225108684126815,
        "5": 0.7573142024436722,
        "6": 0.9474317629632197,
        "7": 0.9087312899672344,
        "8": 0.9194308030102408,
        "9": 0.9220733400893293,
        "10": 0.591361006571926,
        "11": 0.8314946372377942,
        "12": 0.6429857587166475,
        "13": 0.29867916489135066,
        "mean_dice": 0.7998881931285001
    },
    "BTCV_npz/0005.npz": {
        "1": 0.9718820577164367,
        "2": 0.9471663846122095,
        "3": 0.9431401338160531,
        "4": 0.897243727008181,
        "5": 0.7895262177269098,
        "6": 0.9429908197713303,
        "7": 0.9440681804145995,
        "8": 0.8267285160155157,
        "9": 0.7689756514029586,
        "10": 0.588088117437792,
        "11": 0.8583509513742071,
        "12": 0.6903538812785388,
        "13": 0.7033468559837728,
        "mean_dice": 0.836297038042962
    },
    "BTCV_npz/0006.npz": {
        "1": 0.8713872980948171,
        "2": 0.9358381162777014,
        "3": 0.9375676995943334,
        "4": 0.8632763819095477,
        "5": 0.7371194911403908,
        "6": 0.9402215278195166,
        "7": 0.9103895489184456,
        "8": 0.8951425380376073,
        "9": 0.7813163895764711,
        "10": 0.6377331420373027,
        "11": 0.799764781590831,
        "12": 0.25066666666666665,
        "13": 0.6753246753246753,
        "mean_dice": 0.7873652505375621
    },
    "BTCV_npz/0007.npz": {
        "1": 0.9726186625486493,
        "2": 0.9120896421804678,
        "3": 0.9061532427857821,
        "4": 0.8729090303232256,
        "5": 0.7742504409171076,
        "6": 0.9446815284775834,
        "7": 0.8743234530289525,
        "8": 0.9229373265738605,
        "9": 0.7294618914879861,
        "10": 0.5302936018555184,
        "11": 0.7356103731815307,
        "12": 0.7065384615384616,
        "13": 0.7066562255285826,
        "mean_dice": 0.8145018369559777
    },
    "BTCV_npz/0008.npz": {
        "1": 0.9568069983597595,
        "2": 0.6969485708156808,
        "3": 0.7370962549629788,
        "4": 0.8295016077170418,
        "5": 0.8066893060806049,
        "6": 0.9506557035003756,
        "7": 0.8929731624877426,
        "8": 0.896349348453198,
        "9": 0.8896914275616814,
        "10": 0.5820747285865955,
        "11": 0.8522431894136313,
        "12": 0.5272400718419478,
        "13": 0.5874613003095975,
        "mean_dice": 0.7850562823146796
    },
    "BTCV_npz/0009.npz": {
        "1": 0.9717270826354192,
        "2": 0.8867661802383869,
        "3": 0.8895215865320901,
        "4": 0.7230141107370532,
        "5": 0.7609309212048304,
        "6": 0.944756682094577,
        "7": 0.9086298950724598,
        "8": 0.8610743793436005,
        "9": 0.8889089385834891,
        "10": 0.7745712048964487,
        "11": 0.8321454244185338,
        "12": 0.6847647252385654,
        "13": 0.3567948023822415,
        "mean_dice": 0.806431225644438
    },
    "BTCV_npz/0010.npz": {
        "1": 0.9297378221774529,
        "2": 0.915650924330297,
        "3": 0.9233835397131375,
        "4": 0.73679173810758,
        "5": 0.7997564288725467,
        "6": 0.9454149592446007,
        "7": 0.9511585146266837,
        "8": 0.8737176482841222,
        "9": 0.7008923367826662,
        "10": 0.5304938887503118,
        "11": 0.8251281577610493,
        "12": 0.5399965295852854,
        "13": 0.6850525310410697,
        "mean_dice": 0.7967057707136003
    },
    "BTCV_npz/0021.npz": {
        "1": 0.9134634974533107,
        "2": 0.9188079327441259,
        "3": 0.9368174358920586,
        "4": 0.8407037130241816,
        "5": 0.7272045590881824,
        "6": 0.9455717414149006,
        "7": 0.9267380513845097,
        "8": 0.9015080453135147,
        "9": 0.6800730739588388,
        "10": 0.5728717053907613,
        "11": 0.8247823383084577,
        "12": 0.3750721292556261,
        "13": 0.6073191983735114,
        "mean_dice": 0.7823794939693831
    },
    "BTCV_npz/0022.npz": {
        "1": 0.9386386338771822,
        "2": 0.9195247293800343,
        "3": 0.903752066673415,
        "4": 0.7375410733844469,
        "5": 0.781518300948938,
        "6": 0.9063714659745986,
        "7": 0.8922321383508408,
        "8": 0.9058297684590151,
        "9": 0.7321052149207222,
        "10": 0.44083797878079484,
        "11": 0.7080373831775701,
        "12": 0.5232126276694522,
        "13": 0.5964035964035964,
        "mean_dice": 0.7681542290769698
    },
    "BTCV_npz/0023.npz": {
        "1": 0.9431576200107955,
        "2": 0.90152628399881,
        "3": 0.877180212211988,
        "5": 0.7852673347916773,
        "6": 0.9181498054418507,
        "7": 0.8305759873260156,
        "8": 0.8596969383944251,
        "9": 0.7259457849270182,
        "10": 0.5232937491843925,
        "11": 0.7560547186884548,
        "12": 0.5419808949220714,
        "13": 0.6447388932190179,
        "mean_dice": 0.7756306852597096
    },
    "BTCV_npz/0024.npz": {
        "1": 0.9635831452320511,
        "2": 0.9212597789493231,
        "3": 0.9101749000282748,
        "4": 0.5813228294764484,
        "5": 0.7365196951349812,
        "6": 0.9538909293588426,
        "7": 0.9266073589226037,
        "8": 0.8854626071534142,
        "9": 0.7953451941367349,
        "10": 0.6392630283680867,
        "11": 0.8571484624061995,
        "12": 0.568641362185172,
        "13": 0.7143076215304401,
        "mean_dice": 0.8041174548371207
    },
    "BTCV_npz/0025.npz": {
        "1": 0.9355885219934202,
        "2": 0.9039874498590095,
        "3": 0.910673807947684,
        "4": 0.9043762922122675,
        "5": 0.7815094339622641,
        "6": 0.9448568437356795,
        "7": 0.9419315147609043,
        "8": 0.9288899122898829,
        "9": 0.7983694795396707,
        "10": 0.4155578300921187,
        "11": 0.754257907542579,
        "12": 0.5393574297188755,
        "13": 0.7552266419981498,
        "mean_dice": 0.8088140819732696
    },
    "BTCV_npz/0026.npz": {
        "1": 0.9169968940773268,
        "2": 0.90773861710211,
        "3": 0.9106283919280876,
        "4": 0.7440970848173064,
        "5": 0.7688362828819341,
        "6": 0.9272766961212658,
        "7": 0.8866569567504147,
        "8": 0.904689663598599,
        "9": 0.7814240597186334,
        "10": 0.42908777969018935,
        "11": 0.7161836794789628,
        "12": 0.39287000360100827,