{
    "BTCV_npz/0001.npz": {
        "1": 0.9535153197337574,
        "2": 0.7002561398222088,
        "3": 0.6782578375122833,
        "4": 0.26116594178655067,
        "5": 0.43511142676161774,
        "6": 0.9557626575518051,
        "7": 0.8826834724836905,
        "8": 0.6012344159007328,
        "9": 0.540955778692062,
        "10": 0.39521958881214636,
        "11": 0.41523425713306705,
        "12": 0.17409184372858122,
        "13": 0.11233092739734336,
        "mean_dice": 0.546601508255065
    },
    "BTCV_npz/0002.npz": {
        "1": 0.9141291292197563,
        "2": 0.6611185665047934,
        "3": 0.7161659921074272,
        "4": 0.46820942569385715,
        "5": 0.3176475063719709,
        "6": 0.9278576274999492,
        "7": 0.7988507558027952,
        "8": 0.5682359573036568,
        "9": 0.5636721330308165,
        "10": 0.21377872161319328,
        "11": 0.2740690007117629,
        "12": 0.14627092846270928,
        "13": 0.08307786633966892,
        "mean_dice": 0.5117756623586429
    },
    "BTCV_npz/0003.npz": {
        "1": 0.8076902418391052,
        "2": 0.7402703376895725,
        "3": 0.6882700447408726,
        "4": 0.6490967136861849,
        "5": 0.3836973082783139,
        "6": 0.9244008544425238,
        "7": 0.9152425809545786,
        "8": 0.6177472450322171,
        "9": 0.3922935317903614,
        "10": 0.28077970474415936,
        "11": 0.34139917257525976,
        "12": 0.0006000600060006001,
        "13": 0.1151748189215774,
        "mean_dice": 0.5274355857462096
    },
    "BTCV_npz/0004.npz": {
        "1": 0.9016845784835075,
        "2": 0.832619414375444,
        "3": 0.7905023518850384,
        "4": 0.27186402808809446,
        "5": 0.3680907950019098,
        "6": 0.9469075830648346,
        "7": 0.79215285116977,
        "8": 0.5501726986033939,
        "9": 0.5506082379325471,
        "10": 0.30901261975356464,
        "11": 0.29488380576535644,
        "12": 0.08560592378544338,
        "13": 0.010604012891152927,
        "mean_dice": 0.5157468385230812
    },
    "BTCV_npz/0005.npz": {
        "1": 0.8272152700107624,
        "2": 0.666804671216058,
        "3": 0.6161487018095987,
        "4": 0.632491223371182,
        "5": 0.3987189223099019,
        "6": 0.9454007623888183,
        "7": 0.8590162877345279,
        "8": 0.8199644990285208,
        "9": 0.3586765432098765,
        "10": 0.2926384610548815,
        "11": 0.2084752175558078,
        "12": 0.10289338089575902,
        "13": 0.2663279132791328,
        "mean_dice": 0.5380593733742175
    },
    "BTCV_npz/0006.npz": {
        "1": 0.579238267510803,
        "2": 0.7182545049198602,
        "3": 0.6895732864130505,
        "4": 0.4364410150346035,
        "5": 0.2792328315116519,
        "6": 0.9400724517736392,
        "7": 0.6983583693009405,
        "8": 0.5584313908786034,
        "9": 0.5524897397752843,
        "10": 0.3720997470184315,
        "11": 0.20267806834377383,
        "12": 0.03628018795760026,
        "13": 0.05211459754433834,
        "mean_dice": 0.47040495830635226
    },
    "BTCV_npz/0007.npz": {
        "1": 0.8748462947977417,
        "2": 0.684022236570143,
        "3": 0.6576706779191409,
        "4": 0.5167313683201533,
        "5": 0.3938194707319591,
        "6": 0.9274042776181173,
        "7": 0.666794135489917,
        "8": 0.6729808589609874,
        "9": 0.3939914638878111,
        "10": 0.211234640140433,
        "11": 0.040255652008012975,
        "12": 0.13421470121628767,
        "13": 0.14384189345340082,
        "mean_dice": 0.4859852054703159
    },
    "BTCV_npz/0008.npz": {
        "1": 0.8909322193048661,
        "2": 0.2580505301328288,
        "3": 0.23929492840198777,
        "4": 0.42792410668101216,
        "5": 0.3564664310954064,
        "6": 0.9419777443995305,
        "7": 0.7540278367495485,
        "8": 0.5217109797614821,
        "9": 0.5607989555701539,
        "10": 0.30663242716727174,
        "11": 0.3639867786421146,
        "12": 0.055319771696180305,
        "13": 0.22414372061786433,
        "mean_dice": 0.4539435715554037
    },
    "BTCV_npz/0009.npz": {
        "1": 0.9683172493724553,
        "2": 0.5494828477848647,
        "3": 0.6841398649497695,
        "4": 0.2723470846936298,
        "5": 0.32087251726694505,
        "6": 0.9045081382672607,
        "7": 0.8655888545695708,
        "8": 0.5248013768064691,
        "9": 0.5723855481183676,
        "10": 0.4505028099772856,
        "11": 0.23495558381524353,
        "12": 0.08267035627810446,
        "13": 0.09200253217978477,
        "mean_dice": 0.5017365203138269
    },
    "BTCV_npz/0010.npz": {
        "1": 0.6106035780576431,
        "2": 0.686279450136014,
        "3": 0.7026791564110283,
        "4": 0.29576540978099153,
        "5": 0.3611714351978747,
        "6": 0.9286822509679276,
        "7": 0.9059627088219652,
        "8": 0.6663156021004539,
        "9": 0.4183342628389939,
        "10": 0.2194571445106777,
        "11": 0.279401530967293,
        "12": 0.03453191826389989,
        "13": 0.16134953238353292,
        "mean_dice": 0.4823487677260228
    },
    "BTCV_npz/0021.npz": {
        "1": 0.6739269137902993,
        "2": 0.7271343213761722,
        "3": 0.7336839001376056,
        "4": 0.4534017465094479,
        "5": 0.2587011601546873,
        "6": 0.9508338212522625,
        "7": 0.7909355211278825,
        "8": 0.5616920724644396,
        "9": 0.3959899252325328,
        "10": 0.23041522046535545,
        "11": 0.256619722304954,
        "12": 0.10530205061888047,
        "13": 0.13843165320519374,
        "mean_dice": 0.48285138681843953
    },
    "BTCV_npz/0022.npz": {
        "1": 0.5943288132553528,
        "2": 0.5315306320839486,
        "3": 0.5384566909285692,
        "4": 0.2259077773589647,
        "5": 0.3312314894430114,
        "6": 0.6975148117340765,
        "7": 0.1715779255747905,
        "8": 0.5408053476180665,
        "9": 0.34399461534626313,
        "10": 0.10974047859791035,
        "11": 0.11903329322101885,
        "12": 0.06352459016393443,
        "13": 0.09243765737957924,
        "mean_dice": 0.3353910863619606
    },
    "BTCV_npz/0023.npz": {
        "1": 0.8846015445511667,
        "2": 0.5760861445817748,
        "3": 0.519815658016887,
        "5": 0.30568499534016774,
        "6": 0.885442021565303,
        "7": 0.26795343994281007,
        "8": 0.7618378782218902,
        "9": 0.30710687395049024,
        "10": 0.12211955063072735,
        "11": 0.17925337569499603,
        "12": 0.09999161144199312,
        "13": 0.13953488372093023,
        "mean_dice": 0.42078566480492813
    },
    "BTCV_npz/0024.npz": {
        "1": 0.936152608001448,
        "2": 0.5749116998903167,
        "3": 0.5895252770137731,
        "4": 0.14121117888609816,
        "5": 0.2680658116336313,
        "6": 0.8860165477245346,
        "7": 0.36621398671957023,
        "8": 0.5794771622127094,
        "9": 0.4749126778299129,
        "10": 0.25781676789099905,
        "11": 0.22242977076263712,
        "12": 0.08165158895847831,
        "13": 0.20632248410026188,
        "mean_dice": 0.42959288935572076
    },
    "BTCV_npz/0025.npz": {
        "1": 0.6840941171240261,
        "2": 0.6674795738808531,
        "3": 0.5706909223395501,
        "4": 0.45353426623609616,
        "5": 0.2855469422911283,
        "6": 0.9361886018271589,
        "7": 0.875503412444663,
        "8": 0.5298803779654202,
        "9": 0.2403444266364979,
        "10": 0.10098633607818297,
        "11": 0.12237319837165805,
        "12": 0.052281292598829285,
        "13": 0.14600522193211488,
        "mean_dice": 0.4357622069020138
    },
    "BTCV_npz/0026.npz": {
        "1": 0.5289967352315427,
        "2": 0.5292403719695016,
        "3": 0.5525336437554015,
        "4": 0.24563842961739848,
        "5": 0.3573736795821281,
        "6": 0.8577905128901844,
        "7": 0.5814377562484927,
        "8": 0.6441737677286445,
        "9": 0.41026254410621377,
        "10": 0.12213980551988048,