{
    "BTCV_npz/0001.npz": {
        "1": 0.9717094349321251,
        "2": 0.9278308661833862,
        "3": 0.9233684862853045,
        "4": 0.5831075399420723,
        "5": 0.734457768678301,
        "6": 0.9418196712422716,
        "7": 0.9309782510137948,
        "8": 0.8588826028673346,
        "9": 0.7878340326855123,
        "10": 0.6174376122360518,
        "11": 0.7861013268880276,
        "12": 0.45504032258064514,
        "13": 0.47931566400224374,
        "mean_dice": 0.7690679676566977
    },
    "BTCV_npz/0002.npz": {
        "1": 0.9330474383770724,
        "2": 0.911868296067026,
        "3": 0.9098543283372612,
        "4": 0.7452792654934965,
        "5": 0.6110054148982877,
        "6": 0.9105925327712256,
        "7": 0.9262875661700237,
        "8": 0.8661144132755978,
        "9": 0.8590840749319355,
        "10": 0.5924127019170622,
        "11": 0.7824141048824593,
        "12": 0.4897323600973236,
        "13": 0.49211664573740754,
        "mean_dice": 0.7715237802273985
    },
    "BTCV_npz/0003.npz": {
        "1": 0.9375734780044448,
        "2": 0.8943016302959064,
        "3": 0.9066949333890705,
        "4": 0.8841515822372705,
        "5": 0.6628330626399193,
        "6": 0.9469634934726509,
        "7": 0.9495540092263421,
        "8": 0.7858564792871362,
        "9": 0.6380421090516466,
        "10": 0.6125051419169066,
        "11": 0.8374152125511314,
        "12": 0.46258956840526577,
        "13": 0.5008539325842697,
        "mean_dice": 0.7707180486970739
    },
    "BTCV_npz/0004.npz": {
        "1": 0.9455925503220532,
        "2": 0.9533694467436467,
        "3": 0.938905619273403,
        "4": 0.562072094366081,
        "5": 0.6263675134433525,
        "6": 0.9371511764357936,
        "7": 0.8421052631578947,
        "8": 0.8530718553700015,
        "9": 0.8724303013235708,
        "10": 0.586238092703954,
        "11": 0.7285864513721633,
        "12": 0.330711090544501,
        "13": 0.2040749260598094,
        "mean_dice": 0.7215904908550941
    },
    "BTCV_npz/0005.npz": {
        "1": 0.9626917226616108,
        "2": 0.9292398190956799,
        "3": 0.9202790303741036,
        "4": 0.8500713822193381,
        "5": 0.6603436426116839,
        "6": 0.9489852670368429,
        "7": 0.8875527996096442,
        "8": 0.8250637145587767,
        "9": 0.6824560570822852,
        "10": 0.6025641025641025,
        "11": 0.7747391334392923,
        "12": 0.5154424522845575,
        "13": 0.5160637490513534,
        "mean_dice": 0.7750379132760977
    },
    "BTCV_npz/0006.npz": {
        "1": 0.8363353281759354,
        "2": 0.9200958849380743,
        "3": 0.9165771609122287,
        "4": 0.7664662284995105,
        "5": 0.5736477898601893,
        "6": 0.9161591258807724,
        "7": 0.8816197394379642,
        "8": 0.83739921084234,
        "9": 0.7076925898416366,
        "10": 0.5258492129246065,
        "11": 0.7064206091459668,
        "12": 0.10494450050454086,
        "13": 0.5111542192046556,
        "mean_dice": 0.708027815397571
    },
    "BTCV_npz/0007.npz": {
        "1": 0.9684563647069556,
        "2": 0.8715420858666749,
        "3": 0.8637044678603886,
        "4": 0.7433129207503352,
        "5": 0.6608916608916608,
        "6": 0.952202869219812,
        "7": 0.8215111469101867,
        "8": 0.8980103435036925,
        "9": 0.638838733237305,
        "10": 0.4556654758633324,
        "11": 0.5566574664509375,
        "12": 0.5325326847065978,
        "13": 0.5404910223525101,
        "mean_dice": 0.731062864793876
    },
    "BTCV_npz/0008.npz": {
        "1": 0.8666608619939051,
        "2": 0.5464261857047428,
        "3": 0.5506681288331099,
        "4": 0.7436469656612195,
        "5": 0.685251603086621,
        "6": 0.9349964826194892,
        "7": 0.8292228022464652,
        "8": 0.8432514955134596,
        "9": 0.8477780234357727,
        "10": 0.5639473768037461,
        "11": 0.7862748344370861,
        "12": 0.3329764453961456,
        "13": 0.39508131693772314,
        "mean_dice": 0.6866294248207296
    },
    "BTCV_npz/0009.npz": {
        "1": 0.9637080481901076,
        "2": 0.8262781106528675,
        "3": 0.8489045890057291,
        "4": 0.5517354468433998,
        "5": 0.6247293447293447,
        "6": 0.9082955184198467,
        "7": 0.8843462869122866,
        "8": 0.8236798025213788,
        "9": 0.8062764178196746,
        "10": 0.6999542214374469,
        "11": 0.7383874350376235,
        "12": 0.5080563216722311,
        "13": 0.2495164410058027,
        "mean_dice": 0.7256821526344416
    },
    "BTCV_npz/0010.npz": {
        "1": 0.8750975394059199,
        "2": 0.8936407794093015,
        "3": 0.8944467994913099,
        "4": 0.5891838490710347,
        "5": 0.6752836080477489,
        "6": 0.9605742405961274,
        "7": 0.9546173283305722,
        "8": 0.8576497940204756,
        "9": 0.6395926719937634,
        "10": 0.39329234209055336,
        "11": 0.6465898138760592,
        "12": 0.32547823676185195,
        "13": 0.5064651247495903,
        "mean_dice": 0.7086086252187929
    },
    "BTCV_npz/0021.npz": {
        "1": 0.8790474712746932,
        "2": 0.884405342949814,
        "3": 0.9158663199066205,
        "4": 0.7631114342091598,
        "5": 0.5576315033055476,
        "6": 0.925419873879734,
        "7": 0.9152911818190098,
        "8": 0.8470448369565218,
        "9": 0.595542911332385,
        "10": 0.4609899801103314,
        "11": 0.7736393622869708,
        "12": 0.16122689736531656,
        "13": 0.4277456647398844,
        "mean_dice": 0.7005355984719992
    },
    "BTCV_npz/0022.npz": {
        "1": 0.9250069174620125,
        "2": 0.8702261133324142,
        "3": 0.8491101285281859,
        "4": 0.5939547431591697,
        "5": 0.6486435921421889,
        "6": 0.8872459149243128,
        "7": 0.8371835661917277,
        "8": 0.8534981351687357,
        "9": 0.6773143015521065,
        "10": 0.24743732246511055,
        "11": 0.4651908718056578,
        "12": 0.30751252086811354,
        "13": 0.3443235341887283,
        "mean_dice": 0.6543575124452664
    },
    "BTCV_npz/0023.npz": {
        "1": 0.8499618705304529,
        "2": 0.8447083431733072,
        "3": 0.8235778698940468,
        "5": 0.6370334385879686,
        "6": 0.8904973136603083,
        "7": 0.7819215197757707,
        "8": 0.807603574815025,
        "9": 0.6703657706021393,
        "10": 0.33682847896440127,
        "11": 0.6676834378037744,
        "12": 0.4175188114991318,
        "13": 0.38701787394167453,
        "mean_dice": 0.6762265252706667
    },
    "BTCV_npz/0024.npz": {
        "1": 0.9602133674295018,
        "2": 0.8931134608009642,
        "3": 0.8802406438002969,
        "4": 0.377129471890971,
        "5": 0.6141563393708294,
        "6": 0.9366500931815355,
        "7": 0.9073260271014415,
        "8": 0.8011464270762889,
        "9": 0.71998215154957,
        "10": 0.5964234531746526,
        "11": 0.7868471039453235,
        "12": 0.3384483005879822,
        "13": 0.47301136363636365,
        "mean_dice": 0.7142067848881324
    },
    "BTCV_npz/0025.npz": {
        "1": 0.903306447462263,
        "2": 0.8673014182036087,
        "3": 0.8730466872969804,
        "4": 0.8447514255883062,
        "5": 0.6414802198652938,
        "6": 0.9121561144083379,
        "7": 0.8708014814200835,
        "8": 0.8933065839868685,
        "9": 0.6596429481093847,
        "10": 0.27000427899015833,
        "11": 0.6298656872276835,
        "12": 0.3659841357683084,
        "13": 0.5260824589921679,
        "mean_dice": 0.7121330682553418
    },
    "BTCV_npz/0026.npz": {
        "1": 0.862479512632588,
        "2": 0.8541019042717447,
        "3": 0.8642555628054382,
        "4": 0.5949494414738736,
        "5": 0.6293742876894045,
        "6": 0.9060195574842189,
        "7": 0.8405404351555799,
        "8": 0.8751398523159544,
        "9": 0.6669387540154826,
        "10": 0.34199600184530216,
        "11": 0.5436143540522664,
        "12": 0.19421728971962618,