{
    "BTCV_npz/0001.npz": {
        "1": 0.516185783487761,
        "2": 0.5343590305993395,
        "3": 0.6253223279471468,
        "4": 0.13155815839644402,
        "5": 0.2672640452750103,
        "6": 0.8351525637319835,
        "7": 0.6402105379256254,
        "8": 0.41106494345169814,
        "9": 0.34023883322520965,
        "10": 0.20376609534077406,
        "11": 0.09373958449061215,
        "12": 0.0,
        "13": 0.0,
        "mean_dice": 0.35375860799012343
    },
    "BTCV_npz/0002.npz": {
        "1": 0.3196607335649441,
        "2": 0.3990443168905335,
        "3": 0.012109657346979394,
        "4": 0.2740034194186988,
        "5": 0.15733046935353193,
        "6": 0.6917791100236116,
        "7": 0.18978075803857067,
        "8": 0.35378273342035205,
        "9": 0.33118842977738966,
        "10": 0.11701303513085655,
        "11": 3.224038430538092e-05,
        "12": 0.0022249190938511327,
        "13": 0.0014256619144602852,
        "mean_dice": 0.21918272956600654
    },
    "BTCV_npz/0003.npz": {
        "1": 0.484107490932791,
        "2": 0.45216138254108035,
        "3": 0.5031318040047141,
        "4": 0.417572502423352,
        "5": 0.21297288154704855,
        "6": 0.792611182768691,
        "7": 0.604462926016805,
        "8": 0.4878573341367075,
        "9": 0.19027012498320117,
        "10": 0.1545223838511171,
        "11": 0.14282241290822162,
        "12": 0.0,
        "13": 0.0029351335485764602,
        "mean_dice": 0.34195596612786966
    },
    "BTCV_npz/0004.npz": {
        "1": 0.5039556929544736,
        "2": 0.5284729947883705,
        "3": 0.5639964730680644,
        "4": 0.08646700081479469,
        "5": 0.17960984425663104,
        "6": 0.7927879237886043,
        "7": 0.3434238923448013,
        "8": 0.3988018024168772,
        "9": 0.31097585127873356,
        "10": 0.08359483678949241,
        "11": 0.028256586438026594,
        "12": 0.011449676823638042,
        "13": 0.0016140189070786258,
        "mean_dice": 0.29487743035919894
    },
    "BTCV_npz/0005.npz": {
        "1": 0.5586304882450952,
        "2": 0.4842813595172428,
        "3": 0.5346030021055491,
        "4": 0.3109402103145316,
        "5": 0.21782480803759025,
        "6": 0.8367139326946313,
        "7": 0.5263495417287567,
        "8": 0.6724160728715198,
        "9": 0.182013301708169,
        "10": 0.23525715706936498,
        "11": 0.01598228738348187,
        "12": 0.0658828299209406,
        "13": 0.15586462314329616,
        "mean_dice": 0.36898150882616687
    },
    "BTCV_npz/0006.npz": {
        "1": 0.38360965568032085,
        "2": 0.44544362834082724,
        "3": 0.40348146939595125,
        "4": 0.25607392671500995,
        "5": 0.1415873679807592,
        "6": 0.8119839078108486,
        "7": 0.21851145401452074,
        "8": 0.3326540869009001,
        "9": 0.4029919857524488,
        "10": 0.2239605657951136,
        "11": 0.008187556977484219,
        "12": 0.001953697372277034,
        "13": 0.0,
        "mean_dice": 0.27926456174895853
    },
    "BTCV_npz/0007.npz": {
        "1": 0.6310582254587574,
        "2": 0.4191802434235575,
        "3": 0.4078147237676284,
        "4": 0.3004493086912975,
        "5": 0.24653963398214074,
        "6": 0.7997411473945366,
        "7": 0.0887056304573283,
        "8": 0.4947281127828456,
        "9": 0.240844382676633,
        "10": 0.013523931190942931,
        "11": 0.0007593245049204228,
        "12": 0.04536425962709041,
        "13": 0.02883408253351152,
        "mean_dice": 0.28596484665316846
    },
    "BTCV_npz/0008.npz": {
        "1": 0.6478196159765519,
        "2": 0.15334348284342428,
        "3": 0.1688825887183498,
        "4": 0.18610803660610642,
        "5": 0.18562953585255626,
        "6": 0.8127322636159365,
        "7": 0.03366475715660283,
        "8": 0.24993349737314624,
        "9": 0.3737709994580785,
        "10": 0.0827742801114666,
        "11": 0.13268433967577134,
        "12": 0.0,
        "13": 0.1928349268517452,
        "mean_dice": 0.24770602494151814
    },
    "BTCV_npz/0009.npz": {
        "1": 0.7477714785636637,
        "2": 0.4045281055373477,
        "3": 0.2820609646775269,
        "4": 0.16818007630916876,
        "5": 0.18451184534429413,
        "6": 0.7418378080833085,
        "7": 0.3521090400184787,
        "8": 0.36300198533603284,
        "9": 0.1565147424946505,
        "10": 0.35403338718362953,
        "11": 0.02834604488995424,
        "12": 0.0,
        "13": 0.0,
        "mean_dice": 0.2909919598798504
    },
    "BTCV_npz/0010.npz": {
        "1": 0.42990686032454156,
        "2": 0.4474071764434039,
        "3": 0.5103897068328653,
        "4": 0.1519807311318816,
        "5": 0.22011770450515278,
        "6": 0.7649536951737406,
        "7": 0.742481884057971,
        "8": 0.5011498049778297,
        "9": 0.2606990297429057,
        "10": 0.07145541263188322,
        "11": 0.05527382738397828,
        "12": 0.0,
        "13": 0.021056206486670063,
        "mean_dice": 0.3212978492071403
    },
    "BTCV_npz/0021.npz": {
        "1": 0.4433898974766328,
        "2": 0.4355474720303234,
        "3": 0.4689408390670017,
        "4": 0.2526703600346425,
        "5": 0.14017138480657795,
        "6": 0.7993715304177705,
        "7": 0.33362013523144046,
        "8": 0.371190400339811,
        "9": 0.26757688254227474,
        "10": 0.04898958971218616,
        "11": 0.009150012039489525,
        "12": 0.0021817048465014805,
        "13": 0.07941840612435976,
        "mean_dice": 0.2809398934360779
    },
    "BTCV_npz/0022.npz": {
        "1": 0.35644277265468494,
        "2": 0.3712863655383531,
        "3": 0.23674049140899622,
        "4": 0.11203073887533102,
        "5": 0.1922724368767534,
        "6": 0.4670802481488893,
        "7": 0.019127008051867483,
        "8": 0.40511233039222955,
        "9": 0.33287685186233124,
        "10": 0.004802364240857037,
        "11": 0.002173069460613116,
        "12": 0.00815494393476045,
        "13": 0.0,
        "mean_dice": 0.19293074011120515
    },
    "BTCV_npz/0023.npz": {
        "1": 0.2602419014883751,
        "2": 0.3177084983806874,
        "3": 0.30146055474752537,
        "5": 0.1486854034451496,
        "6": 0.6610560393158414,
        "7": 0.019538007530273734,
        "8": 0.32915737965311404,
        "9": 0.07600804473658393,
        "10": 0.026025310742962448,
        "11": 0.01362971094035858,
        "12": 0.023013606584915167,
        "13": 0.027803521779425393,
        "mean_dice": 0.18369399827876773
    },
    "BTCV_npz/0024.npz": {
        "1": 0.5525091669444528,
        "2": 0.44784554725529696,
        "3": 0.40643106872609686,
        "4": 0.06306306306306306,
        "5": 0.14408467376923612,
        "6": 0.7074793022968306,
        "7": 0.03200341516650658,
        "8": 0.30761655960193934,
        "9": 0.2514783180026281,
        "10": 0.028635921040984332,
        "11": 0.014026486282243868,
        "12": 0.010019154265507589,
        "13": 0.13117425399735208,
        "mean_dice": 0.23818207157016447
    },
    "BTCV_npz/0025.npz": {
        "1": 0.29441726329684204,
        "2": 0.34802033702220936,
        "3": 0.34381163429902195,
        "4": 0.25121633224154927,
        "5": 0.14044363106434177,
        "6": 0.5668850926947127,
        "7": 0.25524179871684016,
        "8": 0.2459256248729933,
        "9": 0.053856544176219996,
        "10": 0.005003752814610958,
        "11": 0.013162687298257954,
        "12": 0.011194351158184793,
        "13": 0.00819735519294718,
        "mean_dice": 0.19518280037297936
    },
    "BTCV_npz/0026.npz": {
        "1": 0.37181852698048984,
        "2": 0.3421792291876285,
        "3": 0.39945928792505864,
        "4": 0.12655167396098008,
        "5": 0.18240586579605295,
        "6": 0.6232010221216527,
        "7": 0.04295044371323163,
        "8": 0.36796106275649576,
        "9": 0.3022860085529409,
        "10": 0.0633936001210379,
        "11": 0.0,
        "12": 0.0014572707400853544,