{
    "BTCV_npz/0001.npz": {
        "1": 0.926016005650942,
        "2": 0.8655936317084982,
        "3": 0.890023836206747,
        "4": 0.43915474139446575,
        "5": 0.648295991072195,
        "6": 0.9647651395429301,
        "7": 0.9351907986303826,
        "8": 0.7472337733374632,
        "9": 0.7397991293858499,
        "10": 0.5720870750593757,
        "11": 0.681033921479263,
        "12": 0.33415394715247004,
        "13": 0.3669681663338424,
        "mean_dice": 0.7007935505349558
    },
    "BTCV_npz/0002.npz": {
        "1": 0.927168877013213,
        "2": 0.8913982628413556,
        "3": 0.8770153456286076,
        "4": 0.6614173228346457,
        "5": 0.5067362543998059,
        "6": 0.9528923221047542,
        "7": 0.8605907972930905,
        "8": 0.7719390940967386,
        "9": 0.811314027037083,
        "10": 0.3907755125513989,
        "11": 0.6237409242825861,
        "12": 0.30609915198956295,
        "13": 0.3685060082501345,
        "mean_dice": 0.6884303000248444
    },
    "BTCV_npz/0003.npz": {
        "1": 0.8918572233591363,
        "2": 0.8550233439471782,
        "3": 0.8787382141411025,
        "4": 0.8428442532784555,
        "5": 0.5580175788462959,
        "6": 0.9528256724410726,
        "7": 0.947301376131333,
        "8": 0.7393944767055277,
        "9": 0.5563622145431104,
        "10": 0.4135357053993531,
        "11": 0.725275926128292,
        "12": 0.3261580850697434,
        "13": 0.39716413635061587,
        "mean_dice": 0.6988075543339397
    },
    "BTCV_npz/0004.npz": {
        "1": 0.9365923851748142,
        "2": 0.9415910685391481,
        "3": 0.9218454522222878,
        "4": 0.4437642461738847,
        "5": 0.531200756381973,
        "6": 0.9531515320536916,
        "7": 0.8149678790815449,
        "8": 0.736776832244871,
        "9": 0.8098446384350401,
        "10": 0.4473792818819645,
        "11": 0.6749619385040053,
        "12": 0.16021220159151195,
        "13": 0.17638075846271317,
        "mean_dice": 0.6575899208267268
    },
    "BTCV_npz/0005.npz": {
        "1": 0.9276632562053506,
        "2": 0.9051161792954162,
        "3": 0.8768868857865231,
        "4": 0.8028215423292369,
        "5": 0.5486453480483061,
        "6": 0.9569482599450975,
        "7": 0.9393157477146501,
        "8": 0.8277482428369473,
        "9": 0.5591233435270132,
        "10": 0.5584663818304475,
        "11": 0.6726699073095619,
        "12": 0.361207803772363,
        "13": 0.3543798564816781,
        "mean_dice": 0.7146917503909685
    },
    "BTCV_npz/0006.npz": {
        "1": 0.7928179587786119,
        "2": 0.8999629835276698,
        "3": 0.8962221630370203,
        "4": 0.649511822138572,
        "5": 0.43691513391416587,
        "6": 0.9478015037884109,
        "7": 0.8619464856090622,
        "8": 0.7645642905463871,
        "9": 0.6595154494382023,
        "10": 0.26483521679512034,
        "11": 0.4133726500192851,
        "12": 0.12233512651922694,
        "13": 0.38673285198555957,
        "mean_dice": 0.6228102796997917
    },
    "BTCV_npz/0007.npz": {
        "1": 0.9327275667065232,
        "2": 0.8385955999183141,
        "3": 0.8185998502861765,
        "4": 0.6560257331887466,
        "5": 0.5609941420132847,
        "6": 0.9572743415324776,
        "7": 0.8325869943615455,
        "8": 0.8494477036097458,
        "9": 0.5627916335310293,
        "10": 0.36250584749727116,
        "11": 0.5048996069643779,
        "12": 0.3301938301938302,
        "13": 0.4049607694254619,
        "mean_dice": 0.6624310476329833
    },
    "BTCV_npz/0008.npz": {
        "1": 0.9494604593802991,
        "2": 0.4111920612988318,
        "3": 0.379962608600022,
        "4": 0.6540932248979463,
        "5": 0.5683508360751791,
        "6": 0.9286662830586908,
        "7": 0.7742053723122341,
        "8": 0.7373453703576859,
        "9": 0.7862425413900328,
        "10": 0.3930655904879689,
        "11": 0.6067443264863162,
        "12": 0.209134287661895,
        "13": 0.2951622780159216,
        "mean_dice": 0.5918173261556172
    },
    "BTCV_npz/0009.npz": {
        "1": 0.9406259717315775,
        "2": 0.7394433586387282,
        "3": 0.8200664216730864,
        "4": 0.4264469792986903,
        "5": 0.5230583296227975,
        "6": 0.9098460034027126,
        "7": 0.8740505261684057,
        "8": 0.7249393727315636,
        "9": 0.7285550081153359,
        "10": 0.6162649258296926,
        "11": 0.5561048812325909,
        "12": 0.32073813708260107,
        "13": 0.051149425287356325,
        "mean_dice": 0.633176103139626
    },
    "BTCV_npz/0010.npz": {
        "1": 0.8023231793551667,
        "2": 0.8708959195421024,
        "3": 0.8594001082837033,
        "4": 0.4810449353420238,
        "5": 0.5471215896747812,
        "6": 0.9565776393514545,
        "7": 0.9528912005330766,
        "8": 0.8023404575556894,
        "9": 0.5633066456665354,
        "10": 0.29859599068999176,
        "11": 0.42176002500553506,
        "12": 0.1720505617977528,
        "13": 0.42438902327133204,
        "mean_dice": 0.6271305596976264
    },
    "BTCV_npz/0021.npz": {
        "1": 0.8418599558940832,
        "2": 0.8625403877221325,
        "3": 0.8913126807680245,
        "4": 0.6884717695103219,
        "5": 0.43199429945666695,
        "6": 0.9491236835454684,
        "7": 0.832218016159626,
        "8": 0.7645077323533915,
        "9": 0.5182373634512127,
        "10": 0.36761443839483765,
        "11": 0.6747860292210599,
        "12": 0.0878341516639389,
        "13": 0.31257884972170685,
        "mean_dice": 0.6325445659894208
    },
    "BTCV_npz/0022.npz": {
        "1": 0.8962370432888852,
        "2": 0.7685374472774252,
        "3": 0.7766926989002709,
        "4": 0.3952806683277151,
        "5": 0.5269397370620867,
        "6": 0.8533760042694343,
        "7": 0.8710515627797697,
        "8": 0.7479093500480337,
        "9": 0.5816535755969843,
        "10": 0.2038173142467621,
        "11": 0.39188224679154826,
        "12": 0.1779648715343301,
        "13": 0.17288386346824475,
        "mean_dice": 0.5664789525839609
    },
    "BTCV_npz/0023.npz": {
        "1": 0.919436515974588,
        "2": 0.7819145200433877,
        "3": 0.7574390617196436,
        "5": 0.48595592320513614,
        "6": 0.9243574432657172,
        "7": 0.7252746057048349,
        "8": 0.7585943306083448,
        "9": 0.5891687795268409,
        "10": 0.2881686219924438,
        "11": 0.5389342325024422,
        "12": 0.19973009446693657,
        "13": 0.25388343482042997,
        "mean_dice": 0.6019047969858954
    },
    "BTCV_npz/0024.npz": {
        "1": 0.9573297542241683,
        "2": 0.8551337831462441,
        "3": 0.8479389588694749,
        "4": 0.26003964466632407,
        "5": 0.49412551342057504,
        "6": 0.9533019220897886,
        "7": 0.734426898992649,
        "8": 0.744904112893499,
        "9": 0.629008085555165,
        "10": 0.4281110865126805,
        "11": 0.6430202749941738,
        "12": 0.18354351354725934,
        "13": 0.3283175695041559,
        "mean_dice": 0.6199385475704737
    },
    "BTCV_npz/0025.npz": {
        "1": 0.8546005616884019,
        "2": 0.8540418040155828,
        "3": 0.8197123183964815,
        "4": 0.7308956260124971,
        "5": 0.5004528712034297,
        "6": 0.8364346420356036,
        "7": 0.9232569002819118,
        "8": 0.7923441185473271,
        "9": 0.4633090138856201,
        "10": 0.20059468619113086,
        "11": 0.5039240797294191,
        "12": 0.16569233338900952,
        "13": 0.315194130235402,
        "mean_dice": 0.612342545047063
    },
    "BTCV_npz/0026.npz": {
        "1": 0.7717726436876962,
        "2": 0.7537893169887963,
        "3": 0.7505414746543779,
        "4": 0.4400202594771496,
        "5": 0.5254725949475587,
        "6": 0.8843138974703817,
        "7": 0.7816864007957095,
        "8": 0.8233908588501617,
        "9": 0.5549454434048972,
        "10": 0.2602676511305953,
        "11": 0.4031860882254583,