{
    "BTCV_npz/0001.npz": {
        "1": 0.9733302025743378,
        "2": 0.7852463789213189,
        "3": 0.7915271689202104,
        "4": 0.33360933785624614,
        "5": 0.5529319933652064,
        "6": 0.9637631398034286,
        "7": 0.950785202141682,
        "8": 0.6541266484056263,
        "9": 0.6479829694115409,
        "10": 0.44105321085382887,
        "11": 0.630812475150484,
        "12": 0.26423073669965325,
        "13": 0.23126510878323933,
        "mean_dice": 0.6323588132989848
    },
    "BTCV_npz/0002.npz": {
        "1": 0.9293952560899054,
        "2": 0.8140459757815705,
        "3": 0.794836748640847,
        "4": 0.5671975412126292,
        "5": 0.41088475543745695,
        "6": 0.9487365401385033,
        "7": 0.8566065400282601,
        "8": 0.6519747024877254,
        "9": 0.6740812597288335,
        "10": 0.2570243974958291,
        "11": 0.4867764056853155,
        "12": 0.19611819235225955,
        "13": 0.21782178217821782,
        "mean_dice": 0.6004230844044118
    },
    "BTCV_npz/0003.npz": {
        "1": 0.9095407886809468,
        "2": 0.8097724781335713,
        "3": 0.8005072333405001,
        "4": 0.7590873293179373,
        "5": 0.46230571533472037,
        "6": 0.9479596449103548,
        "7": 0.951316028317299,
        "8": 0.6988536429496497,
        "9": 0.47109946697985366,
        "10": 0.3161212358743223,
        "11": 0.4300292865553576,
        "12": 0.09678782755705832,
        "13": 0.2795461912479741,
        "mean_dice": 0.6102251437845804
    },
    "BTCV_npz/0004.npz": {
        "1": 0.9210436445597978,
        "2": 0.9394820750603099,
        "3": 0.8782752480284914,
        "4": 0.3517266298456615,
        "5": 0.45265557939914164,
        "6": 0.9479099840123917,
        "7": 0.7857002017260469,
        "8": 0.6360171673819742,
        "9": 0.645898813076056,
        "10": 0.3652874210814125,
        "11": 0.44453403722833734,
        "12": 0.10281385281385282,
        "13": 0.044256120527306965,
        "mean_dice": 0.5781231365185217
    },
    "BTCV_npz/0005.npz": {
        "1": 0.9610642117490666,
        "2": 0.7806109441674434,
        "3": 0.7393787774801301,
        "4": 0.7323737334502314,
        "5": 0.46321431990044987,
        "6": 0.9514869950749919,
        "7": 0.9193999186765681,
        "8": 0.8970834455385264,
        "9": 0.42155785154246356,
        "10": 0.4236749064335271,
        "11": 0.6139127980809934,
        "12": 0.2626644276518332,
        "13": 0.29146149816657935,
        "mean_dice": 0.650606448300985
    },
    "BTCV_npz/0006.npz": {
        "1": 0.6872435836275165,
        "2": 0.8309511841194268,
        "3": 0.8338763480279098,
        "4": 0.5246407790048688,
        "5": 0.3435095137420719,
        "6": 0.9489932370728545,
        "7": 0.7989628818644363,
        "8": 0.6608291783348132,
        "9": 0.6104375497215593,
        "10": 0.27018669374379806,
        "11": 0.3652882966803019,
        "12": 0.0381317978246961,
        "13": 0.1551047120418848,
        "mean_dice": 0.5437042889081645
    },
    "BTCV_npz/0007.npz": {
        "1": 0.9618757572510653,
        "2": 0.774593801593981,
        "3": 0.7455265362065027,
        "4": 0.5638967283369918,
        "5": 0.47809830175673135,
        "6": 0.9471120468805324,
        "7": 0.7768719705230996,
        "8": 0.8075226541425082,
        "9": 0.4681932471264368,
        "10": 0.28782480642249775,
        "11": 0.1979833479770721,
        "12": 0.26322728575523074,
        "13": 0.2499124649859944,
        "mean_dice": 0.5786645345352803
    },
    "BTCV_npz/0008.npz": {
        "1": 0.9411778215851021,
        "2": 0.32239320448110304,
        "3": 0.2886020966462014,
        "4": 0.5447075245595091,
        "5": 0.46307517167933604,
        "6": 0.9491687037635551,
        "7": 0.8449556796638827,
        "8": 0.6214308852792818,
        "9": 0.6571512138052062,
        "10": 0.3161377932476938,
        "11": 0.450187079989336,
        "12": 0.12176234979973298,
        "13": 0.24184525346415353,
        "mean_dice": 0.5201995983049302
    },
    "BTCV_npz/0009.npz": {
        "1": 0.9693341023824867,
        "2": 0.6351092868955349,
        "3": 0.761104742667792,
        "4": 0.3352708672401767,
        "5": 0.4133303174244138,
        "6": 0.9140531727021302,
        "7": 0.8894261291941554,
        "8": 0.6408366872626269,
        "9": 0.6206847948651227,
        "10": 0.5279028269104342,
        "11": 0.3584988422029766,
        "12": 0.1876626358487678,
        "13": 0.06474536123174102,
        "mean_dice": 0.56291998206372
    },
    "BTCV_npz/0010.npz": {
        "1": 0.6937883846502617,
        "2": 0.790511811023622,
        "3": 0.7843949321467243,
        "4": 0.3805368022394204,
        "5": 0.4409039431689488,
        "6": 0.9357725762356135,
        "7": 0.9127293149690077,
        "8": 0.7212216956292785,
        "9": 0.48923530737243176,
        "10": 0.2639750912427573,
        "11": 0.36895196254118734,
        "12": 0.12037290924047161,
        "13": 0.3715061491774477,
        "mean_dice": 0.5595308368951671
    },
    "BTCV_npz/0021.npz": {
        "1": 0.7804223984228913,
        "2": 0.8224747863576872,
        "3": 0.8089551699531194,
        "4": 0.5961628906440051,
        "5": 0.32195963887413703,
        "6": 0.9536363074914198,
        "7": 0.861991115420674,
        "8": 0.6659292632260502,
        "9": 0.4498730762286115,
        "10": 0.22186382441624009,
        "11": 0.45399641912295235,
        "12": 0.0443190975020145,
        "13": 0.22167198801068613,
        "mean_dice": 0.5540966135131146
    },
    "BTCV_npz/0022.npz": {
        "1": 0.83110278652673,
        "2": 0.6342540050788475,
        "3": 0.6321653040971599,
        "4": 0.28725868725868725,
        "5": 0.4177863469301681,
        "6": 0.8270924002566192,
        "7": 0.8162077301998504,
        "8": 0.6313016405220931,
        "9": 0.48258922121080766,
        "10": 0.09320597750731782,
        "11": 0.2528515732568083,
        "12": 0.10813381956556208,
        "13": 0.061245603145044486,
        "mean_dice": 0.46732269965813045
    },
    "BTCV_npz/0023.npz": {
        "1": 0.9220149835665972,
        "2": 0.7094107822739303,
        "3": 0.636428832388401,
        "5": 0.3850141837034139,
        "6": 0.9196332313242548,
        "7": 0.622084039711485,
        "8": 0.8164703886228145,
        "9": 0.49462943071965626,
        "10": 0.17131300131001356,
        "11": 0.4599712535409777,
        "12": 0.11235164835164835,
        "13": 0.17092809718886848,
        "mean_dice": 0.5350208227251718
    },
    "BTCV_npz/0024.npz": {
        "1": 0.9623600131201092,
        "2": 0.7236770425550784,
        "3": 0.7125209988505893,
        "4": 0.18050247158946134,
        "5": 0.36672338012193395,
        "6": 0.9170979343427379,
        "7": 0.6420797590203654,
        "8": 0.6700877611721073,
        "9": 0.5263024263294032,
        "10": 0.290279943062428,
        "11": 0.4714240547527386,
        "12": 0.14133769687052566,
        "13": 0.251350183624973,
        "mean_dice": 0.5273648973394193
    },
    "BTCV_npz/0025.npz": {
        "1": 0.786388157390126,
        "2": 0.763840505250495,
        "3": 0.7032793728837144,
        "4": 0.6042268336999139,
        "5": 0.36384389130339345,
        "6": 0.948066996734436,
        "7": 0.9063071826376071,
        "8": 0.6745633969430004,
        "9": 0.3292413707730715,
        "10": 0.15511926779532414,
        "11": 0.25698683977384384,
        "12": 0.10114222549742079,
        "13": 0.23162033136759339,
        "mean_dice": 0.5249712593884569
    },
    "BTCV_npz/0026.npz": {
        "1": 0.6606034426646626,
        "2": 0.6278533085837555,
        "3": 0.6143312645903319,
        "4": 0.33492312705512933,
        "5": 0.4255399677028664,
        "6": 0.8890499272022356,
        "7": 0.7593303179060644,
        "8": 0.7582386436834918,
        "9": 0.4699667845280189,
        "10": 0.19155592549008352,
        "11": 0.29281159420289854,