{
    "BTCV_npz/0001.npz": {
        "1": 0.6747019467195248,
        "2": 0.6338044125915793,
        "3": 0.636528325110928,
        "4": 0.1992883697924146,
        "5": 0.3828924698489916,
        "6": 0.9437457603762769,
        "7": 0.780814280354344,
        "8": 0.5337292355218282,
        "9": 0.42326525610217447,
        "10": 0.31384471987661033,
        "11": 0.25311324544425373,
        "12": 0.03270179081235401,
        "13": 0.015923332104681165,
        "mean_dice": 0.4480271649735355
    },
    "BTCV_npz/0002.npz": {
        "1": 0.8466438894431471,
        "2": 0.5419042381029632,
        "3": 0.6346232212424,
        "4": 0.37191975327490917,
        "5": 0.23610914746218012,
        "6": 0.8831919253580245,
        "7": 0.5957680292397143,
        "8": 0.48689673279837214,
        "9": 0.4629507751806493,
        "10": 0.23006313744536183,
        "11": 0.07258958256372368,
        "12": 0.011984746686035955,
        "13": 0.04190667000584356,
        "mean_dice": 0.41665783452333266
    },
    "BTCV_npz/0003.npz": {
        "1": 0.6500546979457883,
        "2": 0.6295461327983144,
        "3": 0.5560259305653339,
        "4": 0.5422236997285083,
        "5": 0.30736371033360455,
        "6": 0.8959493376235081,
        "7": 0.848805127318346,
        "8": 0.5183272178682383,
        "9": 0.32995332125649257,
        "10": 0.2141216899780001,
        "11": 0.25976875884851347,
        "12": 0.0,
        "13": 0.03524511374559436,
        "mean_dice": 0.4451834413854032
    },
    "BTCV_npz/0004.npz": {
        "1": 0.6137666106192694,
        "2": 0.7867922326860571,
        "3": 0.698801440421377,
        "4": 0.22057490612456299,
        "5": 0.29429952532334624,
        "6": 0.87810719831103,
        "7": 0.6106401848578272,
        "8": 0.4961250467989517,
        "9": 0.41730868324808024,
        "10": 0.266488131466829,
        "11": 0.11049828292479873,
        "12": 0.049816063764561616,
        "13": 0.004427450191185349,
        "mean_dice": 0.4190496735952214
    },
    "BTCV_npz/0005.npz": {
        "1": 0.6871467535253506,
        "2": 0.5716926052179022,
        "3": 0.5770612216614504,
        "4": 0.5318527928985519,
        "5": 0.33042718949967936,
        "6": 0.9320223517527199,
        "7": 0.7666085781350025,
        "8": 0.8001345860713612,
        "9": 0.2851654573669421,
        "10": 0.2442244951944273,
        "11": 0.11533269404437162,
        "12": 0.09914794732765299,
        "13": 0.21504666446598444,
        "mean_dice": 0.4735279490124152
    },
    "BTCV_npz/0006.npz": {
        "1": 0.5021225196137072,
        "2": 0.6074267525189375,
        "3": 0.5147933148332219,
        "4": 0.35245252525252524,
        "5": 0.23246630612069705,
        "6": 0.9137179864943354,
        "7": 0.546834856679634,
        "8": 0.4766599844536268,
        "9": 0.4812192875772424,
        "10": 0.3685594111461619,
        "11": 0.2183965782303606,
        "12": 0.018705494739079606,
        "13": 0.013656538067599864,
        "mean_dice": 0.4036162735174714
    },
    "BTCV_npz/0007.npz": {
        "1": 0.7955020672761353,
        "2": 0.6043801486839462,
        "3": 0.5380619508753928,
        "4": 0.4467065868263473,
        "5": 0.3506503454720941,
        "6": 0.8772771515047415,
        "7": 0.2809075630252101,
        "8": 0.6340430311101128,
        "9": 0.3392310743427017,
        "10": 0.09366892235268943,
        "11": 0.03342120679554775,
        "12": 0.09218884992630991,
        "13": 0.0613816710751517,
        "mean_dice": 0.39595542840510617
    },
    "BTCV_npz/0008.npz": {
        "1": 0.8740153914221911,
        "2": 0.21402069269871365,
        "3": 0.2057588660929637,
        "4": 0.3202241971944384,
        "5": 0.28759750034210646,
        "6": 0.8945938810763079,
        "7": 0.2451761639853656,
        "8": 0.4047058378490841,
        "9": 0.4829237785811254,
        "10": 0.2100275671950379,
        "11": 0.3501487294545233,
        "12": 0.00849128127369219,
        "13": 0.2123610643314247,
        "mean_dice": 0.36231115011515197
    },
    "BTCV_npz/0009.npz": {
        "1": 0.9431840228495074,
        "2": 0.48637410928177977,
        "3": 0.5956959560586466,
        "4": 0.23063038362236388,
        "5": 0.26099376319172235,
        "6": 0.8657495436981127,
        "7": 0.8248407204231728,
        "8": 0.4806260758541284,
        "9": 0.4535405761947317,
        "10": 0.3539415606463081,
        "11": 0.100528173882585,
        "12": 0.01618953603158934,
        "13": 0.06701797054452101,
        "mean_dice": 0.4368701840214746
    },
    "BTCV_npz/0010.npz": {
        "1": 0.5482527808389475,
        "2": 0.6124058775112032,
        "3": 0.6238066769453448,
        "4": 0.23838566178840823,
        "5": 0.30019452184427736,
        "6": 0.9102528284294202,
        "7": 0.8933198983863871,
        "8": 0.5512468577480477,
        "9": 0.34690908433713163,
        "10": 0.18810328185328185,
        "11": 0.20278955489969888,
        "12": 0.002002402883460152,
        "13": 0.09202813599062133,
        "mean_dice": 0.4238228894966331
    },
    "BTCV_npz/0021.npz": {
        "1": 0.5746578338187133,
        "2": 0.6256545364729129,
        "3": 0.6087275868049061,
        "4": 0.3657747838286948,
        "5": 0.21147180012644706,
        "6": 0.9270636241840822,
        "7": 0.6423815032985667,
        "8": 0.4948436107456606,
        "9": 0.3397330407752788,
        "10": 0.20402456076357225,
        "11": 0.09549280026592932,
        "12": 0.018493015935471178,
        "13": 0.1032086979581013,
        "mean_dice": 0.4008867226906412
    },
    "BTCV_npz/0022.npz": {
        "1": 0.423107000299681,
        "2": 0.46178498059803696,
        "3": 0.4853724867558518,
        "4": 0.1735437478886154,
        "5": 0.2789331831529828,
        "6": 0.6307794498925069,
        "7": 0.07329537322605721,
        "8": 0.49366741828756877,
        "9": 0.35019896429544833,
        "10": 0.08034331966211261,
        "11": 0.04254242744791427,
        "12": 0.005130597014925373,
        "13": 0.0014677103718199608,
        "mean_dice": 0.2692435891456555
    },
    "BTCV_npz/0023.npz": {
        "1": 0.5537835273824925,
        "2": 0.5062282566435579,
        "3": 0.4059973845602738,
        "5": 0.23543134000269167,
        "6": 0.8627678085953263,
        "7": 0.09906573569680303,
        "8": 0.6436679603163039,
        "9": 0.301135209551107,
        "10": 0.07882818116462977,
        "11": 0.03961676599046889,
        "12": 0.06814185228604924,
        "13": 0.10835036955496147,
        "mean_dice": 0.32525119931205543
    },
    "BTCV_npz/0024.npz": {
        "1": 0.7943447116119592,
        "2": 0.5288403241557095,
        "3": 0.4833527502890225,
        "4": 0.10575344101752605,
        "5": 0.21999191987922345,
        "6": 0.859939273719413,
        "7": 0.35349924555916046,
        "8": 0.4836677454153182,
        "9": 0.3646165018714038,
        "10": 0.301393530200732,
        "11": 0.07545502160534241,
        "12": 0.07934194085797584,
        "13": 0.16774733319389248,
        "mean_dice": 0.3706110568751292
    },
    "BTCV_npz/0025.npz": {
        "1": 0.5509641380051206,
        "2": 0.4811992885932879,
        "3": 0.47687953837833863,
        "4": 0.3444404477725821,
        "5": 0.20926122304701308,
        "6": 0.9042703909005831,
        "7": 0.8145244722168307,
        "8": 0.39480835910411394,
        "9": 0.1894813555204664,
        "10": 0.09095824322076193,
        "11": 0.07573610033963576,
        "12": 0.03050017488632389,
        "13": 0.09524827623069111,
        "mean_dice": 0.35832861601659616
    },
    "BTCV_npz/0026.npz": {
        "1": 0.43814412759711463,
        "2": 0.4668957309725533,
        "3": 0.4978419046020225,
        "4": 0.1894945025475999,
        "5": 0.26333252660259665,
        "6": 0.7865428277858109,
        "7": 0.38399854022685137,
        "8": 0.5649494405552564,
        "9": 0.36059328057622136,
        "10": 0.09941589059091228,