{
    "BTCV_npz/0001.npz": {
        "1": 0.9587769090238297,
        "2": 0.3166687098104334,
        "3": 0.09956706753006475,
        "4": 0.0,
        "5": 0.0,
        "6": 0.9657874189973897,
        "7": 0.7959897885584344,
        "8": 0.015142528174173964,
        "9": 0.021598585220189603,
        "10": 0.0,
        "11": 0.017263306641544983,
        "12": 0.0,
        "13": 0.0,
        "mean_dice": 0.24544571645815852
    },
    "BTCV_npz/0002.npz": {
        "1": 0.006914614981665793,
        "2": 0.0073620345986527185,
        "3": 0.03608526497362225,
        "4": 0.0,
        "5": 0.0,
        "6": 0.9534744924087529,
        "7": 0.17708548204559266,
        "8": 0.0014176965512990415,
        "9": 0.05662360801781737,
        "10": 0.0,
        "11": 0.0,
        "12": 0.0,
        "13": 0.0,
        "mean_dice": 0.09530486104441559
    },
    "BTCV_npz/0003.npz": {
        "1": 0.2693552330682161,
        "2": 0.04067758707441158,
        "3": 0.07402797409337356,
        "4": 0.0,
        "5": 0.0,
        "6": 0.943055473595612,
        "7": 0.8904178509117937,
        "8": 0.08691763181839211,
        "9": 0.0006934492164023854,
        "10": 0.0,
        "11": 0.00017003910899506886,
        "12": 0.0,
        "13": 0.0,
        "mean_dice": 0.17733194145286127
    },
    "BTCV_npz/0004.npz": {
        "1": 0.3483490344169545,
        "2": 0.04613861224088971,
        "3": 0.22425877635922403,
        "4": 0.0,
        "5": 0.0,
        "6": 0.9579431562856119,
        "7": 0.17802076124567473,
        "8": 0.09895408856289052,
        "9": 0.08192519606488942,
        "10": 0.0,
        "11": 0.0,
        "12": 0.0,
        "13": 0.0,
        "mean_dice": 0.14889150962893344
    },
    "BTCV_npz/0005.npz": {
        "1": 0.41413030315262583,
        "2": 0.04914712821262292,
        "3": 0.012248174169829457,
        "4": 0.0,
        "5": 0.0,
        "6": 0.9225076705884423,
        "7": 0.2606312868539716,
        "8": 0.0765603586443985,
        "9": 0.0,
        "10": 0.0,
        "11": 0.0,
        "12": 0.0,
        "13": 0.0,
        "mean_dice": 0.1334788401247608
    },
    "BTCV_npz/0006.npz": {
        "1": 0.0,
        "2": 0.00706529147167068,
        "3": 0.0566436399067252,
        "4": 0.0,
        "5": 0.0,
        "6": 0.8602093419130519,
        "7": 0.06660072535443455,
        "8": 0.00024362514211466623,
        "9": 0.034821196553860914,
        "10": 0.0,
        "11": 0.0,
        "12": 0.0,
        "13": 0.0,
        "mean_dice": 0.07889106310321983
    },
    "BTCV_npz/0007.npz": {
        "1": 0.5640953682463761,
        "2": 0.0009968433294567204,
        "3": 0.004545403150122681,
        "4": 0.0,
        "5": 0.0,
        "6": 0.9577756539906208,
        "7": 0.04228283371863795,
        "8": 0.056154886911960154,
        "9": 0.00794314381270903,
        "10": 0.0,
        "11": 0.0,
        "12": 0.0,
        "13": 0.0,
        "mean_dice": 0.1256764717815295
    },
    "BTCV_npz/0008.npz": {
        "1": 0.17032036858459232,
        "2": 0.0,
        "3": 0.0,
        "4": 0.0,
        "5": 0.0,
        "6": 0.913461751284071,
        "7": 0.00026430262650735094,
        "8": 0.0,
        "9": 0.043694093383534374,
        "10": 0.0,
        "11": 0.017069332592798296,
        "12": 0.0,
        "13": 0.0,
        "mean_dice": 0.08806229603626949
    },
    "BTCV_npz/0009.npz": {
        "1": 0.9815678091574108,
        "2": 0.002537912019050006,
        "3": 0.0028353612738470785,
        "4": 0.0,
        "5": 0.0,
        "6": 0.9426986833507872,
        "7": 0.5374552560756908,
        "8": 0.023479929764384008,
        "9": 0.08464096435622986,
        "10": 0.003079847908745247,
        "11": 0.0,
        "12": 0.0,
        "13": 0.0,
        "mean_dice": 0.19833044337739575
    },
    "BTCV_npz/0010.npz": {
        "1": 0.08716404341155748,
        "2": 0.013768044295036584,
        "3": 0.016625203568823747,
        "4": 0.0,
        "5": 0.0,
        "6": 0.9511748986257528,
        "7": 0.6568593013303518,
        "8": 0.006524520255863539,
        "9": 0.0,
        "10": 0.0,
        "11": 0.0007014906676687962,
        "12": 0.0,
        "13": 0.0,
        "mean_dice": 0.13329365401192728
    },
    "BTCV_npz/0021.npz": {
        "1": 0.0,
        "2": 0.0002105263157894737,
        "3": 0.012227190520043937,
        "4": 0.0,
        "5": 0.0,
        "6": 0.9571184568456907,
        "7": 0.13063557884202837,
        "8": 0.010143434503526429,
        "9": 0.0,
        "10": 0.0,
        "11": 0.00035252385044175644,
        "12": 0.0,
        "13": 0.0,
        "mean_dice": 0.08543751622134775
    },
    "BTCV_npz/0022.npz": {
        "1": 0.12202589429774507,
        "2": 0.0,
        "3": 0.0,
        "4": 0.0,
        "5": 0.0,
        "6": 0.6229583954280089,
        "7": 0.13403197449642976,
        "8": 0.046077261694162173,
        "9": 0.010335205153822304,
        "10": 0.0,
        "11": 0.0,
        "12": 0.0,
        "13": 0.0,
        "mean_dice": 0.0719560562361668
    },
    "BTCV_npz/0023.npz": {
        "1": 0.0,
        "2": 0.0,
        "3": 0.0,
        "5": 0.0,
        "6": 0.9069886369699462,
        "7": 0.0,
        "8": 0.00874030009471428,
        "9": 0.0,
        "10": 0.0,
        "11": 0.0,
        "12": 0.0,
        "13": 0.0,
        "mean_dice": 0.07631074475538838
    },
    "BTCV_npz/0024.npz": {
        "1": 0.20979904118490908,
        "2": 0.031762983377831365,
        "3": 0.00599784783107238,
        "4": 0.0,
        "5": 0.0,
        "6": 0.9427871205275336,
        "7": 0.11299576225143974,
        "8": 0.022928526249209363,
        "9": 0.0,
        "10": 0.0,
        "11": 0.001703106039639793,
        "12": 0.0,
        "13": 0.0,
        "mean_dice": 0.10215187595858732
    },
    "BTCV_npz/0025.npz": {
        "1": 6.49751470062701e-05,
        "2": 0.0,
        "3": 0.0,
        "4": 0.0,
        "5": 0.0,
        "6": 0.9464475208640157,
        "7": 0.2144245903157115,
        "8": 0.0035588771742515236,
        "9": 0.005034890910696935,
        "10": 0.0,
        "11": 0.0,
        "12": 0.0,
        "13": 0.0,
        "mean_dice": 0.0899639118778217
    },
    "BTCV_npz/0026.npz": {
        "1": 0.07367785350703132,
        "2": 0.0001278384122469199,
        "3": 0.0008575541331046523,
        "4": 0.0,
        "5": 0.0,
        "6": 0.4187027076305953,
        "7": 0.012055355093802275,
        "8": 0.027613328822733423,
        "9": 0.019977606223112735,
        "10": 0.0,
        "11": 0.0,
        "12": 0.0,
        "13": 0.0,
        "mean_dice": 0.04253940337097128
    },
    "BTCV_npz/0027.npz": {
        "1": 0.05353519004992468,
        "2": 0.008493271564085594,
        "3": 0.0022987717010910587,
        "4": 0.0,
        "5": 0.0,
        "6": 0.8861819106500258,
        "7": 0.0,
        "8": 0.020729713749086987,
        "9": 0.030812248142767073,
        "10": 0.0,
        "11": 0.0,
        "12": 0.0,
        "13": 0.0,
        "mean_dice": 0.07708085429669086
    },
    "BTCV_npz/0028.npz": {
        "1": 0.0,
        "2": 0.0,
        "3": 0.0,
        "4": 0.0,
        "5": 0.0,
        "6": 0.6474483107524915,
        "7": 0.0,
        "8": 0.001344617574942656,
        "9": 0.0058720384944745746,
        "10": 0.0,
        "11": 0.0,
        "12": 0.0,
        "13": 0.0,
        "mean_dice": 0.05035884360168529
    },
    "BTCV_npz/0029.npz": {
        "1": 0.037120714567187706,
        "2": 0.00014429493885501966,
        "3": 0.0009026510468789859,
        "4": 0.0,
        "5": 0.0,
        "6": 0.9719867717667124,
        "7": 0.11189257744942395,
        "8": 0.008550855085508551,
        "9": 0.013120193032725078,
        "10": 0.0,
        "11": 0.0014881287907826204,
        "12": 0.0,
        "13": 0.0,
        "mean_dice": 0.08809278359062112
    },
    "BTCV_npz/0030.npz": {
        "1": 0.38063983725795,
        "2": 0.05191372217790499,
        "3": 0.04600636646387624,