{
    "BTCV_npz/0001.npz": {
        "1": 0.970862453027756,
        "2": 0.8449107214440335,
        "3": 0.8634548067681835,
        "4": 0.0,
        "5": 0.31739904988123513,
        "6": 0.9722082913954034,
        "7": 0.8510399359029087,
        "8": 0.7691376963463907,
        "9": 0.5203988727509213,
        "10": 0.001541882876204596,
        "11": 0.48589799926463334,
        "12": 0.0,
        "13": 0.0,
        "mean_dice": 0.5074501315121285
    },
    "BTCV_npz/0002.npz": {
        "1": 0.7867198423795602,
        "2": 0.5853265916830048,
        "3": 0.6612676779782899,
        "4": 0.3166332665330661,
        "5": 0.0458694125906857,
        "6": 0.9701255944397025,
        "7": 0.8736898362954919,
        "8": 0.7610406479217604,
        "9": 0.663441992603659,
        "10": 0.0,
        "11": 0.2898689956331878,
        "12": 0.0,
        "13": 0.0,
        "mean_dice": 0.4579987583121853
    },
    "BTCV_npz/0003.npz": {
        "1": 0.8883102783617552,
        "2": 0.7077197613798087,
        "3": 0.6673530485578678,
        "4": 0.5508992159597624,
        "5": 0.06801329583226796,
        "6": 0.9646254740129377,
        "7": 0.9445868911824521,
        "8": 0.7428784775128404,
        "9": 0.2997719767259003,
        "10": 0.009384410673016317,
        "11": 0.45865519096288326,
        "12": 0.0,
        "13": 0.0,
        "mean_dice": 0.4847844631662686
    },
    "BTCV_npz/0004.npz": {
        "1": 0.8709532621241824,
        "2": 0.7034608537061965,
        "3": 0.8066300018197626,
        "4": 0.0,
        "5": 0.1164994425863991,
        "6": 0.9680080217192971,
        "7": 0.7121864461139241,
        "8": 0.627623063345754,
        "9": 0.6846395775699755,
        "10": 9.618621651517337e-05,
        "11": 0.35097309144682987,
        "12": 0.0,
        "13": 0.0,
        "mean_dice": 0.4493130728191413
    },
    "BTCV_npz/0005.npz": {
        "1": 0.9324605005912628,
        "2": 0.8733256011009417,
        "3": 0.8466612647364277,
        "4": 0.4060436647549279,
        "5": 0.043596730245231606,
        "6": 0.9603166974532142,
        "7": 0.8632093123044761,
        "8": 0.717544022529632,
        "9": 0.2697246645071726,
        "10": 0.00799178825427084,
        "11": 0.39316757630887406,
        "12": 0.0,
        "13": 0.0,
        "mean_dice": 0.48569552482972556
    },
    "BTCV_npz/0006.npz": {
        "1": 0.22599240947789517,
        "2": 0.5327198790905068,
        "3": 0.602530410562261,
        "4": 0.04270777954988481,
        "5": 0.0,
        "6": 0.9660895909016309,
        "7": 0.6020632482254477,
        "8": 0.6864201474855576,
        "9": 0.5468634686346864,
        "10": 0.0,
        "11": 0.18174906749661449,
        "12": 0.0,
        "13": 0.0,
        "mean_dice": 0.33747200010957573
    },
    "BTCV_npz/0007.npz": {
        "1": 0.9256039835809404,
        "2": 0.5076496487451387,
        "3": 0.571673555891703,
        "4": 0.21477930236402712,
        "5": 0.11869143514713135,
        "6": 0.9660634429359983,
        "7": 0.6867706570524612,
        "8": 0.49283486783486785,
        "9": 0.31303547404942295,
        "10": 0.0,
        "11": 0.08241120482860018,
        "12": 0.0,
        "13": 0.0,
        "mean_dice": 0.37534719787925314
    },
    "BTCV_npz/0008.npz": {
        "1": 0.944717534551541,
        "2": 0.0,
        "3": 0.0,
        "4": 0.037574722459436376,
        "5": 0.0,
        "6": 0.9468064659990185,
        "7": 0.5876903227812191,
        "8": 0.7994062302167696,
        "9": 0.6024872383432115,
        "10": 0.0,
        "11": 0.6774068604904501,
        "12": 0.0,
        "13": 0.0,
        "mean_dice": 0.3535453365262805
    },
    "BTCV_npz/0009.npz": {
        "1": 0.9812429006477263,
        "2": 0.49143152868114937,
        "3": 0.49894717568433583,
        "4": 0.03389170237631477,
        "5": 0.07401335050942734,
        "6": 0.9648710526145112,
        "7": 0.8146025780926316,
        "8": 0.565837037037037,
        "9": 0.6017615214691354,
        "10": 0.4810709535319441,
        "11": 0.2861606622362131,
        "12": 0.0,
        "13": 0.0,
        "mean_dice": 0.4456792663754173
    },
    "BTCV_npz/0010.npz": {
        "1": 0.7397413857537932,
        "2": 0.634702382468023,
        "3": 0.6615379442520426,
        "4": 0.0,
        "5": 0.1292924888259021,
        "6": 0.9616888200845813,
        "7": 0.8859053675768941,
        "8": 0.6600670467894902,
        "9": 0.2496571878161178,
        "10": 0.003567760419482134,
        "11": 0.18044598476902732,
        "12": 0.0,
        "13": 0.0,
        "mean_dice": 0.39281587451964256
    },
    "BTCV_npz/0021.npz": {
        "1": 0.6839949283136643,
        "2": 0.604133545310016,
        "3": 0.7489457799834113,
        "4": 0.23124669200789105,
        "5": 0.005756578947368421,
        "6": 0.967691756787521,
        "7": 0.7261784412836487,
        "8": 0.7462389160107602,
        "9": 0.21686569001600395,
        "10": 0.0,
        "11": 0.3057422341696535,
        "12": 0.0,
        "13": 0.0,
        "mean_dice": 0.40283035098691833
    },
    "BTCV_npz/0022.npz": {
        "1": 0.934755840135097,
        "2": 0.3013266162888329,
        "3": 0.233744422307477,
        "4": 0.0,
        "5": 0.14598930481283423,
        "6": 0.9423698483469973,
        "7": 0.6829109752356306,
        "8": 0.6280943990294348,
        "9": 0.41133932744920126,
        "10": 0.0,
        "11": 0.04075452652829475,
        "12": 0.0,
        "13": 0.0,
        "mean_dice": 0.3324065584718307
    },
    "BTCV_npz/0023.npz": {
        "1": 0.5314340050469956,
        "2": 0.2265145485097727,
        "3": 0.1649174827357497,
        "5": 0.019124308002013084,
        "6": 0.9519628785794441,
        "7": 0.31317885919788774,
        "8": 0.867269479794597,
        "9": 0.030460624071322436,
        "10": 0.0,
        "11": 0.014798306217963004,
        "12": 0.0,
        "13": 0.0,
        "mean_dice": 0.25997170767964545
    },
    "BTCV_npz/0024.npz": {
        "1": 0.9664424009569279,
        "2": 0.44456827541215327,
        "3": 0.3961263611615245,
        "4": 0.0,
        "5": 0.0,
        "6": 0.9676039276989395,
        "7": 0.91965044631919,
        "8": 0.725979251914359,
        "9": 0.21771318892240196,
        "10": 0.0,
        "11": 0.31329403121472216,
        "12": 0.0,
        "13": 0.0,
        "mean_dice": 0.38087522181540145
    },
    "BTCV_npz/0025.npz": {
        "1": 0.6718852768343307,
        "2": 0.28760213672827445,
        "3": 0.3116758747697974,
        "4": 0.04673012733341575,
        "5": 0.0,
        "6": 0.9673737659188492,
        "7": 0.9272545174363204,
        "8": 0.6204543358642526,
        "9": 0.2806136043546115,
        "10": 0.0,
        "11": 0.0009351355946612259,
        "12": 0.0,
        "13": 0.0,
        "mean_dice": 0.316501905756501
    },
    "BTCV_npz/0026.npz": {
        "1": 0.6201383741042747,
        "2": 0.2696899353341071,
        "3": 0.3378313253012048,
        "4": 0.0,
        "5": 0.09510363133224149,
        "6": 0.939291583957653,
        "7": 0.6942420681551116,
        "8": 0.658226938634747,
        "9": 0.3295714427761758,
        "10": 0.0,
        "11": 0.08474928337003032,
        "12": 0.0,
        "13": 0.0,
        "mean_dice": 0.3099111217665804
    },
    "BTCV_npz/0027.npz": {
        "1": 0.6975349766822119,
        "2": 0.541719661639715,
        "3": 0.36679238933834357,
        "4": 0.00616591928251121,
        "5": 0.0,
        "6": 0.9608281623433703,
        "7": 0.583715845743524,
        "8": 0.6356793556429188,
        "9": 0.39984852534972826,
        "10": 0.0,
        "11": 0.013315579227696404,
        "12": 0.0,
        "13": 0.0,
        "mean_dice": 0.3235077242500015
    },
    "BTCV_npz/0028.npz": {
        "1": 0.625908622774154,
        "2": 0.08022717082648334,
        "3": 0.03198214949795463,
        "4": 0.21705514496873224,
        "5": 0.0,
        "6": 0.9523633680326122,