{
    "BTCV_npz/0001.npz": {
        "1": 0.9717657691879465,
        "2": 0.9415467531970155,
        "3": 0.9460821948970431,
        "4": 0.049351866312665936,
        "5": 0.4366896551724138,
        "6": 0.968146011476596,
        "7": 0.904735400432765,
        "8": 0.8724636251541307,
        "9": 0.760025311878503,
        "10": 0.643843498273878,
        "11": 0.7586010389192901,
        "12": 0.0,
        "13": 0.0047562425683709865,
        "mean_dice": 0.6352313359592784
    },
    "BTCV_npz/0002.npz": {
        "1": 0.9158327679782904,
        "2": 0.9196605574317707,
        "3": 0.9294717009366137,
        "4": 0.5384292314153717,
        "5": 0.20815450643776823,
        "6": 0.9625618071459194,
        "7": 0.8378506827951122,
        "8": 0.8710673280377398,
        "9": 0.8018202303729066,
        "10": 0.05801275457724748,
        "11": 0.6689438081843145,
        "12": 0.014411027568922305,
        "13": 0.0020666494445879618,
        "mean_dice": 0.5944833117174281
    },
    "BTCV_npz/0003.npz": {
        "1": 0.949815957281352,
        "2": 0.9326849491717435,
        "3": 0.9285451347703383,
        "4": 0.7940444911543177,
        "5": 0.3126744835287549,
        "6": 0.9659755990771469,
        "7": 0.9266086440074378,
        "8": 0.7997214776943694,
        "9": 0.5481143470675077,
        "10": 0.35523958152707935,
        "11": 0.6536600178398588,
        "12": 0.0,
        "13": 0.0024798512089274642,
        "mean_dice": 0.6284280411022181
    },
    "BTCV_npz/0004.npz": {
        "1": 0.908642891208733,
        "2": 0.9131995585883836,
        "3": 0.9397135927524343,
        "4": 0.13212719298245615,
        "5": 0.32970835392980724,
        "6": 0.9682605132021582,
        "7": 0.8435474059268272,
        "8": 0.8048999103674933,
        "9": 0.8292974477264874,
        "10": 0.4209079283887468,
        "11": 0.6981502938012083,
        "12": 0.030373831775700934,
        "13": 0.0,
        "mean_dice": 0.601448378511572
    },
    "BTCV_npz/0005.npz": {
        "1": 0.9518672502550707,
        "2": 0.9287795568531004,
        "3": 0.9264117631558144,
        "4": 0.7053627267041901,
        "5": 0.18078843430956107,
        "6": 0.9632794794827076,
        "7": 0.8874446889222415,
        "8": 0.7759982979597526,
        "9": 0.5901075876356616,
        "10": 0.3882040695959894,
        "11": 0.6912235659752719,
        "12": 0.0,
        "13": 0.008114558472553698,
        "mean_dice": 0.6151986137939935
    },
    "BTCV_npz/0006.npz": {
        "1": 0.8046860305774243,
        "2": 0.8993498405739339,
        "3": 0.8967239460996415,
        "4": 0.43920016957535507,
        "5": 0.20088495575221238,
        "6": 0.9652944752319372,
        "7": 0.8113454316843577,
        "8": 0.8741421873938351,
        "9": 0.7446995230524642,
        "10": 0.02729081777693547,
        "11": 0.7416305571404339,
        "12": 0.0,
        "13": 0.0,
        "mean_dice": 0.5696344565275793
    },
    "BTCV_npz/0007.npz": {
        "1": 0.9721815456799362,
        "2": 0.8564814814814815,
        "3": 0.8588351431391905,
        "4": 0.5675740146836651,
        "5": 0.3674750356633381,
        "6": 0.960855829819159,
        "7": 0.8556171957155541,
        "8": 0.7741487772866474,
        "9": 0.551267246094937,
        "10": 0.05174212393073232,
        "11": 0.2822460328224603,
        "12": 0.08635164307987526,
        "13": 0.05605477107402653,
        "mean_dice": 0.5569869877285387
    },
    "BTCV_npz/0008.npz": {
        "1": 0.9460993714165056,
        "2": 0.019960683502192652,
        "3": 0.0008679299869810502,
        "4": 0.41893129770992366,
        "5": 0.1921146953405018,
        "6": 0.9379767507562551,
        "7": 0.8487223253553942,
        "8": 0.9119568193374271,
        "9": 0.845459283571157,
        "10": 0.4836847389558233,
        "11": 0.6951317594739083,
        "12": 0.0,
        "13": 0.0,
        "mean_dice": 0.48468505041585147
    },
    "BTCV_npz/0009.npz": {
        "1": 0.9757885461466402,
        "2": 0.8542997389778265,
        "3": 0.8715087903437418,
        "4": 0.361895488477767,
        "5": 0.2755005765803543,
        "6": 0.9555276753326991,
        "7": 0.8622235143057877,
        "8": 0.7941696332993105,
        "9": 0.8142269017486699,
        "10": 0.7218745588858043,
        "11": 0.6213319867586826,
        "12": 0.0,
        "13": 0.0,
        "mean_dice": 0.6237190316044064
    },
    "BTCV_npz/0010.npz": {
        "1": 0.8671947445451194,
        "2": 0.8711318266500137,
        "3": 0.9150196133522083,
        "4": 0.13591449889090543,
        "5": 0.2547121752419766,
        "6": 0.9575130295078648,
        "7": 0.9010467121421021,
        "8": 0.8293262750287969,
        "9": 0.49561107359891965,
        "10": 0.290715935334873,
        "11": 0.6428499037194689,
        "12": 0.0,
        "13": 0.03744351194318916,
        "mean_dice": 0.5537291769196491
    },
    "BTCV_npz/0021.npz": {
        "1": 0.8189716254074146,
        "2": 0.9169205692433077,
        "3": 0.9340196205744508,
        "4": 0.4909688013136289,
        "5": 0.09654631083202511,
        "6": 0.9434854300597098,
        "7": 0.8411465747964239,
        "8": 0.8633968382650993,
        "9": 0.48317005777442856,
        "10": 0.19453947809753808,
        "11": 0.610418440579005,
        "12": 0.0,
        "13": 0.0,
        "mean_dice": 0.5533525959186947
    },
    "BTCV_npz/0022.npz": {
        "1": 0.9380811199607031,
        "2": 0.8683791872017088,
        "3": 0.7785476938430657,
        "4": 0.05024399060184349,
        "5": 0.3431302270011947,
        "6": 0.9459485891865244,
        "7": 0.7923739401309323,
        "8": 0.8451333884056562,
        "9": 0.7359339345865479,
        "10": 0.0,
        "11": 0.6119982187162033,
        "12": 0.0,
        "13": 0.0,
        "mean_dice": 0.5315207915103369
    },
    "BTCV_npz/0023.npz": {
        "1": 0.8946023546867058,
        "2": 0.797306140904061,
        "3": 0.6291596492246937,
        "5": 0.26550622452352096,
        "6": 0.9512772962832653,
        "7": 0.5847272507388455,
        "8": 0.9008840003893496,
        "9": 0.49584173387096775,
        "10": 0.0,
        "11": 0.1199662304769945,
        "12": 0.0,
        "13": 0.0,
        "mean_dice": 0.46993924009153365
    },
    "BTCV_npz/0024.npz": {
        "1": 0.9501814675199439,
        "2": 0.8531685316853168,
        "3": 0.8355685071364807,
        "4": 0.0,
        "5": 0.1291139240506329,
        "6": 0.9668447301401023,
        "7": 0.928861902171516,
        "8": 0.8761415098569656,
        "9": 0.41140529531568226,
        "10": 0.048315711826899435,
        "11": 0.711463944806729,
        "12": 0.0,
        "13": 0.0008543357539513029,
        "mean_dice": 0.5163015277126323
    },
    "BTCV_npz/0025.npz": {
        "1": 0.8809916456751418,
        "2": 0.7899773159857116,
        "3": 0.8256226848895134,
        "4": 0.5920612999509957,
        "5": 0.08679593721144968,
        "6": 0.9670341622280739,
        "7": 0.866744513112602,
        "8": 0.8426474375482874,
        "9": 0.61569108182654,
        "10": 0.0,
        "11": 0.11048613901165126,
        "12": 0.12021328162869607,
        "13": 0.0,
        "mean_dice": 0.515251192236051
    },
    "BTCV_npz/0026.npz": {
        "1": 0.8807266273841214,
        "2": 0.8102108558711478,
        "3": 0.8780685600364933,
        "4": 0.04326756663205261,
        "5": 0.23873426975092685,
        "6": 0.9425036538828891,
        "7": 0.7212927958166979,
        "8": 0.8537721317120023,
        "9": 0.5015497825844576,
        "10": 0.016376512245500147,
        "11": 0.3256725846857641,
        "12": 0.0,
        "13": 0.02578268876611418,
        "mean_dice": 0.4798429253360128
    },
    "BTCV_npz/0027.npz": {
        "1": 0.9043281447436022,
        "2": 0.8230137431893958,
        "3": 0.7752142386288727,
        "4": 0.4416893016735302,
        "5": 0.34683954619124796,
        "6": 0.9496969882193047,