{
    "BTCV_npz/0001.npz": {
        "1": 0.30041849560689166,
        "2": 0.20939826449807958,
        "3": 0.02440581984934869,
        "4": 0.0,
        "5": 0.0,
        "6": 0.9479956322834198,
        "7": 0.7046804096979126,
        "8": 0.003929824561403509,
        "9": 0.0003809300553813696,
        "10": 0.0,
        "11": 0.004148787368720514,
        "12": 0.0,
        "13": 0.0,
        "mean_dice": 0.16887370491701217
    },
    "BTCV_npz/0002.npz": {
        "1": 0.0,
        "2": 0.00026282360155942004,
        "3": 0.013347937947372443,
        "4": 0.0,
        "5": 0.0,
        "6": 0.9210201604141984,
        "7": 0.07717684694591623,
        "8": 0.0,
        "9": 0.0011728485559302155,
        "10": 0.0,
        "11": 0.0,
        "12": 0.0,
        "13": 0.0,
        "mean_dice": 0.07792158595884437
    },
    "BTCV_npz/0003.npz": {
        "1": 0.14550246202926695,
        "2": 0.00116443673227088,
        "3": 0.015251563774816427,
        "4": 0.0,
        "5": 0.0,
        "6": 0.9383552546659608,
        "7": 0.591603522173235,
        "8": 0.018782042067941162,
        "9": 0.0,
        "10": 0.0,
        "11": 0.0,
        "12": 0.0,
        "13": 0.0,
        "mean_dice": 0.1315891754956532
    },
    "BTCV_npz/0004.npz": {
        "1": 0.11169922640219404,
        "2": 0.008674039600326944,
        "3": 0.13336079338424003,
        "4": 0.0,
        "5": 0.0,
        "6": 0.9447135942101146,
        "7": 0.11754779848131676,
        "8": 0.03115987901807695,
        "9": 0.01716670104237732,
        "10": 0.0,
        "11": 0.0,
        "12": 0.0,
        "13": 0.0,
        "mean_dice": 0.10494784862604972
    },
    "BTCV_npz/0005.npz": {
        "1": 0.22555303924503153,
        "2": 0.0042089070728867336,
        "3": 0.00033894249940186617,
        "4": 0.0,
        "5": 0.0,
        "6": 0.7521368622341361,
        "7": 0.12458861075097237,
        "8": 0.005659854770535037,
        "9": 0.0,
        "10": 0.0,
        "11": 0.0,
        "12": 0.0,
        "13": 0.0,
        "mean_dice": 0.0855758628133049
    },
    "BTCV_npz/0006.npz": {
        "1": 0.0,
        "2": 0.00029633682098976496,
        "3": 0.013785078100523655,
        "4": 0.0,
        "5": 0.0,
        "6": 0.6955619861597959,
        "7": 0.023870369850318738,
        "8": 0.0,
        "9": 0.004668060319457693,
        "10": 0.0,
        "11": 0.0,
        "12": 0.0,
        "13": 0.0,
        "mean_dice": 0.05678321778854505
    },
    "BTCV_npz/0007.npz": {
        "1": 0.37549177951712426,
        "2": 0.0,
        "3": 0.0,
        "4": 0.0,
        "5": 0.0,
        "6": 0.8327291564001983,
        "7": 0.0005720438791304933,
        "8": 0.03176373599728432,
        "9": 0.0012164684662010529,
        "10": 0.0,
        "11": 0.0,
        "12": 0.0,
        "13": 0.0,
        "mean_dice": 0.09552101417384141
    },
    "BTCV_npz/0008.npz": {
        "1": 0.07143663838213482,
        "2": 0.0,
        "3": 0.0,
        "4": 0.0,
        "5": 0.0,
        "6": 0.8948554197375993,
        "7": 0.0,
        "8": 0.0,
        "9": 0.0018126148193508879,
        "10": 0.0,
        "11": 0.002238221360092513,
        "12": 0.0,
        "13": 0.0,
        "mean_dice": 0.07464176109993673
    },
    "BTCV_npz/0009.npz": {
        "1": 0.9803799559344145,
        "2": 0.0,
        "3": 0.0,
        "4": 0.0,
        "5": 0.0,
        "6": 0.7132129934855024,
        "7": 0.46088314208188697,
        "8": 0.0006196042794002231,
        "9": 0.014622520836418964,
        "10": 0.00015231422424461666,
        "11": 0.0,
        "12": 0.0,
        "13": 0.0,
        "mean_dice": 0.16691311775706674
    },
    "BTCV_npz/0010.npz": {
        "1": 0.0,
        "2": 0.000920489600955319,
        "3": 0.0014497276726837076,
        "4": 0.0,
        "5": 0.0,
        "6": 0.960613198856431,
        "7": 0.40423511844398785,
        "8": 0.004609966919218867,
        "9": 0.0,
        "10": 0.0,
        "11": 0.0,
        "12": 0.0,
        "13": 0.0,
        "mean_dice": 0.10552526934563669
    },
    "BTCV_npz/0021.npz": {
        "1": 0.0,
        "2": 0.0,
        "3": 0.0005803441887457869,
        "4": 0.0,
        "5": 0.0,
        "6": 0.9292280619058843,
        "7": 0.049343743811027026,
        "8": 7.964637011668193e-05,
        "9": 0.0,
        "10": 0.0,
        "11": 0.0,
        "12": 0.0,
        "13": 0.0,
        "mean_dice": 0.07532552279044413
    },
    "BTCV_npz/0022.npz": {
        "1": 0.0480849462541516,
        "2": 0.0,
        "3": 0.0,
        "4": 0.0,
        "5": 0.0,
        "6": 0.19577826342109717,
        "7": 0.055871101309689905,
        "8": 0.009638756181376247,
        "9": 0.0001385089511409675,
        "10": 0.0,
        "11": 0.0,
        "12": 0.0,
        "13": 0.0,
        "mean_dice": 0.02380858277826584
    },
    "BTCV_npz/0023.npz": {
        "1": 0.0,
        "2": 0.0,
        "3": 0.0,
        "5": 0.0,
        "6": 0.7550935848808189,
        "7": 0.0,
        "8": 0.0011342407259140647,
        "9": 0.0,
        "10": 0.0,
        "11": 0.0,
        "12": 0.0,
        "13": 0.0,
        "mean_dice": 0.06301898546722774
    },
    "BTCV_npz/0024.npz": {
        "1": 0.06640795729970994,
        "2": 0.002447424086149328,
        "3": 0.0,
        "4": 0.0,
        "5": 0.0,
        "6": 0.9277702216858106,
        "7": 0.03315061046050694,
        "8": 0.0006929268162677895,
        "9": 0.0,
        "10": 0.0,
        "11": 0.0,
        "12": 0.0,
        "13": 0.0,
        "mean_dice": 0.07926685694988035
    },
    "BTCV_npz/0025.npz": {
        "1": 0.0,
        "2": 0.0,
        "3": 0.0,
        "4": 0.0,
        "5": 0.0,
        "6": 0.956441921527489,
        "7": 0.0430476747112161,
        "8": 0.0,
        "9": 0.0,
        "10": 0.0,
        "11": 0.0,
        "12": 0.0,
        "13": 0.0,
        "mean_dice": 0.076883815095285
    },
    "BTCV_npz/0026.npz": {
        "1": 0.0019686800894854585,
        "2": 0.0,
        "3": 0.0,
        "4": 0.0,
        "5": 0.0,
        "6": 0.26142606864259904,
        "7": 0.0,
        "8": 0.011150316067754693,
        "9": 0.0005950786991579636,
        "10": 0.0,
        "11": 0.0,
        "12": 0.0,
        "13": 0.0,
        "mean_dice": 0.021164626422999783
    },
    "BTCV_npz/0027.npz": {
        "1": 0.0012528765021733571,
        "2": 5.5384785799340924e-05,
        "3": 0.0,
        "4": 0.0,
        "5": 0.0,
        "6": 0.8408810924645735,
        "7": 0.0,
        "8": 0.0014750298517946197,
        "9": 0.002613724835947058,
        "10": 0.0,
        "11": 0.0,
        "12": 0.0,
        "13": 0.0,
        "mean_dice": 0.0650983160338683
    },
    "BTCV_npz/0028.npz": {
        "1": 0.0,
        "2": 0.0,
        "3": 0.0,
        "4": 0.0,
        "5": 0.0,
        "6": 0.4158869301693716,
        "7": 0.0,
        "8": 0.0,
        "9": 0.0,
        "10": 0.0,
        "11": 0.0,
        "12": 0.0,
        "13": 0.0,
        "mean_dice": 0.031991302320720894
    },
    "BTCV_npz/0029.npz": {
        "1": 2.6767311758880057e-05,
        "2": 0.0,
        "3": 0.0,
        "4": 0.0,
        "5": 0.0,
        "6": 0.9326881156501217,
        "7": 0.03974180716567988,
        "8": 0.0007530120481927711,
        "9": 0.0,
        "10": 0.0,
        "11": 0.0,
        "12": 0.0,
        "13": 0.0,
        "mean_dice": 0.07486228478275024
    },
    "BTCV_npz/0030.npz": {
        "1": 0.23954098930713727,
        "2": 0.01333514112758508,
        "3": 0.011509722931266534,
        "4": 0.0950640678577874,
        "5": 0.0,
        "6": 0.9374187184409589,
        "7": 0.0071098276460804565,
        "8": 0.021998456942768405,
        "9": 0.046612680229113176,
        "10": 0.0,
        "11": 0.0008490602446837251,
        "12": 0.0,
        "13": 0.0,
        "mean_dice": 0.10564912805595239
    },
    "BTCV_npz/0031.npz": {
        "1": 0.10696229085039359,
        "2": 0.0,
        "3": 0.0015596435830893727,
        "4": 0.0,