{
    "BTCV_npz/0001.npz": {
        "1": 0.10529358362135997,
        "2": 0.09637415403228855,
        "3": 0.002877854520564993,
        "4": 0.0,
        "5": 0.0,
        "6": 0.9189478480770673,
        "7": 0.545633393919984,
        "8": 0.0003515062040845021,
        "9": 0.0,
        "10": 0.0,
        "11": 0.0,
        "12": 0.0,
        "13": 0.0,
        "mean_dice": 0.12842141079810382
    },
    "BTCV_npz/0002.npz": {
        "1": 0.0,
        "2": 0.0,
        "3": 7.692998089572141e-05,
        "4": 0.0,
        "5": 0.0,
        "6": 0.849233499647448,
        "7": 0.00602501478811828,
        "8": 0.0,
        "9": 0.0,
        "10": 0.0,
        "11": 0.0,
        "12": 0.0,
        "13": 0.0,
        "mean_dice": 0.06579503418588169
    },
    "BTCV_npz/0003.npz": {
        "1": 0.06426704202694551,
        "2": 0.0,
        "3": 0.00013153567905294311,
        "4": 0.0,
        "5": 0.0,
        "6": 0.8904182690698283,
        "7": 0.29961468104152883,
        "8": 0.0009990975892742039,
        "9": 0.0,
        "10": 0.0,
        "11": 0.0,
        "12": 0.0,
        "13": 0.0,
        "mean_dice": 0.09657158656974076
    },
    "BTCV_npz/0004.npz": {
        "1": 0.04279071248845431,
        "2": 0.0,
        "3": 0.06285150468672916,
        "4": 0.0,
        "5": 0.0,
        "6": 0.8310011391140069,
        "7": 0.06792596832665522,
        "8": 0.004704708272445379,
        "9": 0.000384,
        "10": 0.0,
        "11": 0.0,
        "12": 0.0,
        "13": 0.0,
        "mean_dice": 0.07766600252986854
    },
    "BTCV_npz/0005.npz": {
        "1": 0.12230847840507736,
        "2": 0.00017126586885316092,
        "3": 0.0,
        "4": 0.0,
        "5": 0.0,
        "6": 0.4130763741128894,
        "7": 0.0473586293427941,
        "8": 0.014030291038601287,
        "9": 0.0,
        "10": 0.0,
        "11": 0.0,
        "12": 0.0,
        "13": 0.0,
        "mean_dice": 0.04591884913601656
    },
    "BTCV_npz/0006.npz": {
        "1": 0.0,
        "2": 0.0,
        "3": 0.0008559136878617925,
        "4": 0.0,
        "5": 0.0,
        "6": 0.5098877146754699,
        "7": 0.007099161694736047,
        "8": 0.0,
        "9": 0.0,
        "10": 0.0,
        "11": 0.0,
        "12": 0.0,
        "13": 0.0,
        "mean_dice": 0.03983406077369751
    },
    "BTCV_npz/0007.npz": {
        "1": 0.283601518317162,
        "2": 0.0,
        "3": 0.0,
        "4": 0.0,
        "5": 0.0,
        "6": 0.8008081990485916,
        "7": 0.0,
        "8": 0.0156452440902535,
        "9": 0.0,
        "10": 0.0,
        "11": 0.0,
        "12": 0.0,
        "13": 0.0,
        "mean_dice": 0.08461961241969286
    },
    "BTCV_npz/0008.npz": {
        "1": 0.014879914440491967,
        "2": 0.0,
        "3": 0.0,
        "4": 0.0,
        "5": 0.0,
        "6": 0.4915081352267793,
        "7": 0.0,
        "8": 0.0,
        "9": 0.0,
        "10": 0.0,
        "11": 7.468817686160281e-05,
        "12": 0.0,
        "13": 0.0,
        "mean_dice": 0.038958672141856374
    },
    "BTCV_npz/0009.npz": {
        "1": 0.9543978939690752,
        "2": 0.0,
        "3": 0.0,
        "4": 0.0,
        "5": 0.0,
        "6": 0.42500845444269253,
        "7": 0.14702634964762706,
        "8": 0.0,
        "9": 0.0009219088937093275,
        "10": 0.0,
        "11": 0.0,
        "12": 0.0,
        "13": 0.0,
        "mean_dice": 0.11748881591946955
    },
    "BTCV_npz/0010.npz": {
        "1": 0.0,
        "2": 0.0,
        "3": 2.0149509359447097e-05,
        "4": 0.0,
        "5": 0.0,
        "6": 0.9023282444584511,
        "7": 0.31614273972177853,
        "8": 0.0,
        "9": 0.0,
        "10": 0.0,
        "11": 0.0,
        "12": 0.0,
        "13": 0.0,
        "mean_dice": 0.09373008720689148
    },
    "BTCV_npz/0021.npz": {
        "1": 0.0,
        "2": 0.0,
        "3": 0.0,
        "4": 0.0,
        "5": 0.0,
        "6": 0.5996652575507053,
        "7": 0.02366504116452433,
        "8": 0.0,
        "9": 0.0,
        "10": 0.0,
        "11": 0.0,
        "12": 0.0,
        "13": 0.0,
        "mean_dice": 0.047948484516556124
    },
    "BTCV_npz/0022.npz": {
        "1": 0.013073745919658916,
        "2": 0.0,
        "3": 0.0,
        "4": 0.0,
        "5": 0.0,
        "6": 0.09685477482680081,
        "7": 0.0,
        "8": 0.0,
        "9": 0.0,
        "10": 0.0,
        "11": 0.0,
        "12": 0.0,
        "13": 0.0,
        "mean_dice": 0.00845604005741998
    },
    "BTCV_npz/0023.npz": {
        "1": 0.0,
        "2": 0.0,
        "3": 0.0,
        "5": 0.0,
        "6": 0.21689565514405013,
        "7": 0.0,
        "8": 0.0,
        "9": 0.0,
        "10": 0.0,
        "11": 0.0,
        "12": 0.0,
        "13": 0.0,
        "mean_dice": 0.018074637928670843
    },
    "BTCV_npz/0024.npz": {
        "1": 0.0007394930364405736,
        "2": 0.0,
        "3": 0.0,
        "4": 0.0,
        "5": 0.0,
        "6": 0.522303211941871,
        "7": 0.007652241751181681,
        "8": 0.0,
        "9": 0.0,
        "10": 0.0,
        "11": 0.0,
        "12": 0.0,
        "13": 0.0,
        "mean_dice": 0.04082268820996103
    },
    "BTCV_npz/0025.npz": {
        "1": 0.0,
        "2": 0.0,
        "3": 0.0,
        "4": 0.0,
        "5": 0.0,
        "6": 0.5115453534670062,
        "7": 0.0093884696051393,
        "8": 0.0,
        "9": 0.0,
        "10": 0.0,
        "11": 0.0,
        "12": 0.0,
        "13": 0.0,
        "mean_dice": 0.04007183254401119
    },
    "BTCV_npz/0026.npz": {
        "1": 0.0,
        "2": 0.0,
        "3": 0.0,
        "4": 0.0,
        "5": 0.0,
        "6": 0.09715529034874848,
        "7": 0.0,
        "8": 0.0025908122517584336,
        "9": 0.0,
        "10": 0.0,
        "11": 0.0,
        "12": 0.0,
        "13": 0.0,
        "mean_dice": 0.007672777123115916
    },
    "BTCV_npz/0027.npz": {
        "1": 0.0,
        "2": 0.0,
        "3": 0.0,
        "4": 0.0,
        "5": 0.0,
        "6": 0.7308380402468855,
        "7": 0.0,
        "8": 0.0,
        "9": 0.0,
        "10": 0.0,
        "11": 0.0,
        "12": 0.0,
        "13": 0.0,
        "mean_dice": 0.05621831078822196
    },
    "BTCV_npz/0028.npz": {
        "1": 0.0,
        "2": 0.0,
        "3": 0.0,
        "4": 0.0,
        "5": 0.0,
        "6": 0.30071665928342695,
        "7": 0.0,
        "8": 0.0,
        "9": 0.0,
        "10": 0.0,
        "11": 0.0,
        "12": 0.0,
        "13": 0.0,
        "mean_dice": 0.023132050714109766
    },
    "BTCV_npz/0029.npz": {
        "1": 0.0,
        "2": 0.0,
        "3": 0.0,
        "4": 0.0,
        "5": 0.0,
        "6": 0.644145081152014,
        "7": 0.0015207840486650896,
        "8": 0.0,
        "9": 0.0,
        "10": 0.0,
        "11": 0.0,
        "12": 0.0,
        "13": 0.0,
        "mean_dice": 0.04966660501543685
    },
    "BTCV_npz/0030.npz": {
        "1": 0.15495406190436276,
        "2": 0.0021174375797046816,
        "3": 0.0015671787983096857,
        "4": 0.03027758339164917,
        "5": 0.0,
        "6": 0.5739803735339988,
        "7": 0.0,
        "8": 0.002477274997502747,
        "9": 0.0014145700717389108,
        "10": 0.0,
        "11": 0.0,
        "12": 0.0,
        "13": 0.0,
        "mean_dice": 0.058983729252097446
    },
    "BTCV_npz/0031.npz": {
        "1": 0.03655244641777174,
        "2": 0.0,
        "3": 0.0,
        "4": 0.0,
        "5": 0.0,
        "6": 0.6193429060065729,
        "7": 0.0,
        "8": 0.001495120094137191,
        "9": 0.0,
        "10": 0.0,
        "11": 0.0,
        "12": 0.0,
        "13": 0.0,
        "mean_dice": 0.050568497886037074
    },
    "BTCV_npz/0032.npz": {
        "1": 0.01250227148827912,
        "2": 0.0,
        "3": 0.0,
        "4": 0.0,
        "5": 0.0,
        "6": 0.8090225986912661,
        "7": 0.31481795663533646,
        "8": 0.0,
        "9": 0.010117155252665414,
        "10": 0.0,
        "11": 0.0,
        "12": 0.0,
        "13": 0.0,