{
    "BTCV_npz/0001.npz": {
        "1": 0.9729211765372034,
        "2": 0.9636459609254986,
        "3": 0.9570486914740953,
        "4": 0.5828895184135977,
        "5": 0.7533066242247956,
        "6": 0.9564443074905236,
        "7": 0.9284136426548364,
        "8": 0.9206584161662341,
        "9": 0.8641916482505361,
        "10": 0.6861316507873375,
        "11": 0.8700821458071818,
        "12": 0.4090909090909091,
        "13": 0.3879854601109623,
        "mean_dice": 0.7886777039949009
    },
    "BTCV_npz/0002.npz": {
        "1": 0.9511276920468035,
        "2": 0.9545206217585559,
        "3": 0.9546488382001115,
        "4": 0.7846169193934557,
        "5": 0.5985229942933871,
        "6": 0.9558889230480138,
        "7": 0.9158158275632751,
        "8": 0.9066059225512528,
        "9": 0.8939756632754837,
        "10": 0.6612159137623898,
        "11": 0.8458093771631185,
        "12": 0.4033190847372391,
        "13": 0.34504657070279426,
        "mean_dice": 0.78239341142276
    },
    "BTCV_npz/0003.npz": {
        "1": 0.9628240167037295,
        "2": 0.9573080429997619,
        "3": 0.9580128115471761,
        "4": 0.8800025861511606,
        "5": 0.6867124359085773,
        "6": 0.9499591062216657,
        "7": 0.9435369581352819,
        "8": 0.9080437279339827,
        "9": 0.7133609036840028,
        "10": 0.7834564254062039,
        "11": 0.830888793336837,
        "12": 0.16489361702127658,
        "13": 0.24509803921568626,
        "mean_dice": 0.7680074972511802
    },
    "BTCV_npz/0004.npz": {
        "1": 0.9385586695411149,
        "2": 0.94763363859129,
        "3": 0.9617883569427216,
        "4": 0.5630535638970898,
        "5": 0.6516360734237829,
        "6": 0.9477169999808583,
        "7": 0.9128259485285103,
        "8": 0.8741032494021662,
        "9": 0.9124552973208265,
        "10": 0.5798839458413927,
        "11": 0.8345317386004275,
        "12": 0.47587653581060835,
        "13": 0.09404134576408593,
        "mean_dice": 0.7457004125880673
    },
    "BTCV_npz/0005.npz": {
        "1": 0.9587925046095793,
        "2": 0.9409076434010648,
        "3": 0.9390671005733767,
        "4": 0.8648979591836735,
        "5": 0.6581948517432389,
        "6": 0.9408160297811219,
        "7": 0.9060739424000459,
        "8": 0.8025229915471201,
        "9": 0.7885326876513317,
        "10": 0.581128626913411,
        "11": 0.8243688643693369,
        "12": 0.3069573006867722,
        "13": 0.4445267642155955,
        "mean_dice": 0.7659067128519745
    },
    "BTCV_npz/0006.npz": {
        "1": 0.8740722160781675,
        "2": 0.9626024824806486,
        "3": 0.9610705321001334,
        "4": 0.772469725586046,
        "5": 0.5052322379291353,
        "6": 0.9523180242495477,
        "7": 0.8714749452803654,
        "8": 0.9163954566027976,
        "9": 0.8651986747503888,
        "10": 0.6655927450629437,
        "11": 0.8501242064587359,
        "12": 0.056686046511627904,
        "13": 0.4602811376266754,
        "mean_dice": 0.7471937254397854
    },
    "BTCV_npz/0007.npz": {
        "1": 0.9756634509750068,
        "2": 0.9318611671280234,
        "3": 0.9275971750498679,
        "4": 0.7673216603292424,
        "5": 0.7018285399246531,
        "6": 0.9464616101909572,
        "7": 0.8730265069823644,
        "8": 0.8755679640882466,
        "9": 0.7586420629898891,
        "10": 0.5170184943022604,
        "11": 0.7149272773666752,
        "12": 0.4519006982156711,
        "13": 0.4666779146279737,
        "mean_dice": 0.7621918863208331
    },
    "BTCV_npz/0008.npz": {
        "1": 0.9503181832864942,
        "2": 0.5178036605657238,
        "3": 0.44972129319955406,
        "4": 0.8036135113904164,
        "5": 0.6390507011866235,
        "6": 0.9354188751210951,
        "7": 0.8895221133867617,
        "8": 0.9293452392285284,
        "9": 0.9169344554960469,
        "10": 0.6274792369828207,
        "11": 0.8854370451522028,
        "12": 0.28835978835978837,
        "13": 0.179173938336242,
        "mean_dice": 0.6932444647455612
    },
    "BTCV_npz/0009.npz": {
        "1": 0.9690592631034323,
        "2": 0.9388475013087424,
        "3": 0.9431738136653106,
        "4": 0.6191518467852257,
        "5": 0.6688243385387167,
        "6": 0.9635216054030792,
        "7": 0.883822348733669,
        "8": 0.8557150602267638,
        "9": 0.9152780391759443,
        "10": 0.8223394617639221,
        "11": 0.8511762027621794,
        "12": 0.4339556181754139,
        "13": 0.22466960352422907,
        "mean_dice": 0.7761180540897405
    },
    "BTCV_npz/0010.npz": {
        "1": 0.9199495511536464,
        "2": 0.9288269025808013,
        "3": 0.9447486828842497,
        "4": 0.6253984728297131,
        "5": 0.6697183644968577,
        "6": 0.9459982405054548,
        "7": 0.9417809640654576,
        "8": 0.8845221153298799,
        "9": 0.6834139846058913,
        "10": 0.5373168498168498,
        "11": 0.8302030242446428,
        "12": 0.3017437452615618,
        "13": 0.42967542503863987,
        "mean_dice": 0.741792024831819
    },
    "BTCV_npz/0021.npz": {
        "1": 0.9017998994469583,
        "2": 0.9481377892522471,
        "3": 0.9540520838714491,
        "4": 0.8310613894895177,
        "5": 0.5390049601683451,
        "6": 0.9511481200182184,
        "7": 0.8710865688971208,
        "8": 0.9170421302128932,
        "9": 0.6100907827874312,
        "10": 0.384225062624446,
        "11": 0.8096669867097883,
        "12": 0.4785276073619632,
        "13": 0.08337109198006344,
        "mean_dice": 0.7137857286784955
    },
    "BTCV_npz/0022.npz": {
        "1": 0.9636817113127158,
        "2": 0.9317716506791657,
        "3": 0.9423450077808303,
        "4": 0.5539038435784117,
        "5": 0.6713929871622917,
        "6": 0.9062916089254441,
        "7": 0.935005114012394,
        "8": 0.9150486535415252,
        "9": 0.7916154413572658,
        "10": 0.212932946596144,
        "11": 0.8348945368793397,
        "12": 0.15564738292011018,
        "13": 0.04809930178432894,
        "mean_dice": 0.6817407835792283
    },
    "BTCV_npz/0023.npz": {
        "1": 0.9622136011236303,
        "2": 0.9302119686628164,
        "3": 0.9287026868333207,
        "5": 0.719559585492228,
        "6": 0.9478548740868296,
        "7": 0.852548735280016,
        "8": 0.8908552454455713,
        "9": 0.7050994227068633,
        "10": 0.04707302353651177,
        "11": 0.8167264374282165,
        "12": 0.07088901801278326,
        "13": 0.09195402298850575,
        "mean_dice": 0.6636407184664411
    },
    "BTCV_npz/0024.npz": {
        "1": 0.9597542922759785,
        "2": 0.945680083902933,
        "3": 0.9480413915298974,
        "4": 0.05592105263157895,
        "5": 0.6295757896127924,
        "6": 0.9477623308123719,
        "7": 0.9410609264999855,
        "8": 0.9265629420084865,
        "9": 0.7456339197343635,
        "10": 0.6821810513631571,
        "11": 0.8425971355809444,
        "12": 0.17624190064794817,
        "13": 0.5552870090634441,
        "mean_dice": 0.719715371204914
    },
    "BTCV_npz/0025.npz": {
        "1": 0.9385382201817607,
        "2": 0.9273084479371316,
        "3": 0.9366230041765771,
        "4": 0.7988304981773997,
        "5": 0.5648484848484848,
        "6": 0.9417188066631511,
        "7": 0.9350692047210442,
        "8": 0.912091889674477,
        "9": 0.8537921032232252,
        "10": 0.24467818682694717,
        "11": 0.75079954606417,
        "12": 0.3837109262976771,
        "13": 0.4965366387167335,
        "mean_dice": 0.7449650736545215
    },
    "BTCV_npz/0026.npz": {
        "1": 0.9231387175441114,
        "2": 0.9125342764152635,
        "3": 0.9276913021375487,
        "4": 0.5872858207102061,
        "5": 0.6574929610976722,
        "6": 0.9256586793884853,
        "7": 0.8754470709535122,
        "8": 0.9088336433846327,
        "9": 0.7123188405797102,
        "10": 0.3601114746152914,
        "11": 0.7206420265327291,
        "12": 0.27058443655150144,