{
    "BTCV_npz/0001.npz": {
        "1": 0.9619688385269122,
        "2": 0.4480701952665458,
        "3": 0.22050298173557095,
        "4": 0.0,
        "5": 0.0,
        "6": 0.9708448170094083,
        "7": 0.8621792161327045,
        "8": 0.16447060720909604,
        "9": 0.10312573834971021,
        "10": 0.0,
        "11": 0.05628860028860029,
        "12": 0.0,
        "13": 0.0,
        "mean_dice": 0.2913423841937345
    },
    "BTCV_npz/0002.npz": {
        "1": 0.06853139753286969,
        "2": 0.05505914390264658,
        "3": 0.10784254260932856,
        "4": 0.027051105531708107,
        "5": 0.0,
        "6": 0.965776820349081,
        "7": 0.6197177155636194,
        "8": 0.04025385312783318,
        "9": 0.2316472114137484,
        "10": 0.0,
        "11": 0.00025531697602573593,
        "12": 0.0,
        "13": 0.0,
        "mean_dice": 0.16277962361591236
    },
    "BTCV_npz/0003.npz": {
        "1": 0.4819695086951311,
        "2": 0.13739646354559856,
        "3": 0.16648075009798305,
        "4": 0.046465222348916764,
        "5": 0.0,
        "6": 0.9556806719341104,
        "7": 0.9085802128051459,
        "8": 0.22163285785965164,
        "9": 0.024574626013474935,
        "10": 0.0,
        "11": 0.006497542234024521,
        "12": 0.0,
        "13": 0.0,
        "mean_dice": 0.22686752734877208
    },
    "BTCV_npz/0004.npz": {
        "1": 0.5879318762744479,
        "2": 0.14265599352765915,
        "3": 0.34198247651219255,
        "4": 0.0,
        "5": 0.0011830819284235432,
        "6": 0.961704056197598,
        "7": 0.308386234547277,
        "8": 0.1918542682729886,
        "9": 0.21120430538459337,
        "10": 0.0,
        "11": 0.01010422975169732,
        "12": 0.0,
        "13": 0.0,
        "mean_dice": 0.21207742479975983
    },
    "BTCV_npz/0005.npz": {
        "1": 0.6799727886585817,
        "2": 0.17406003283045415,
        "3": 0.06799445257724016,
        "4": 0.0028381642512077293,
        "5": 0.0,
        "6": 0.9617476666689359,
        "7": 0.7799718560173293,
        "8": 0.390800353683065,
        "9": 0.007132144642559573,
        "10": 0.0,
        "11": 0.00021093041405640279,
        "12": 0.0,
        "13": 0.0,
        "mean_dice": 0.23574833767257156
    },
    "BTCV_npz/0006.npz": {
        "1": 0.007695852534562212,
        "2": 0.07244402452154425,
        "3": 0.1487182696118307,
        "4": 0.0,
        "5": 0.0,
        "6": 0.9223405704032235,
        "7": 0.1430305589275347,
        "8": 0.01579307844164216,
        "9": 0.11449666226736291,
        "10": 0.0,
        "11": 0.001201389432996422,
        "12": 0.0,
        "13": 0.0,
        "mean_dice": 0.1096708004723613
    },
    "BTCV_npz/0007.npz": {
        "1": 0.7524222585491088,
        "2": 0.03384924247729766,
        "3": 0.04931967149694377,
        "4": 0.0,
        "5": 0.0,
        "6": 0.962989183422791,
        "7": 0.21011833339190594,
        "8": 0.20194437062627335,
        "9": 0.07661257770242996,
        "10": 0.0,
        "11": 0.0,
        "12": 0.0,
        "13": 0.0,
        "mean_dice": 0.1759427413589808
    },
    "BTCV_npz/0008.npz": {
        "1": 0.478120599611429,
        "2": 0.0,
        "3": 0.0,
        "4": 0.0,
        "5": 0.0,
        "6": 0.9161247983939986,
        "7": 0.02662522549935882,
        "8": 0.0024208634412940617,
        "9": 0.17845659163987138,
        "10": 0.0,
        "11": 0.05098717132199072,
        "12": 0.0,
        "13": 0.0,
        "mean_dice": 0.12713348076214942
    },
    "BTCV_npz/0009.npz": {
        "1": 0.9806880044783219,
        "2": 0.02890888291129456,
        "3": 0.045930131084594115,
        "4": 0.0,
        "5": 0.0,
        "6": 0.9415410128913956,
        "7": 0.7021727598673209,
        "8": 0.12278694564563983,
        "9": 0.18939561384120435,
        "10": 0.016092171120974597,
        "11": 0.00915740991601192,
        "12": 0.0,
        "13": 0.0,
        "mean_dice": 0.23359022551975056
    },
    "BTCV_npz/0010.npz": {
        "1": 0.2247846721743716,
        "2": 0.06114200919301717,
        "3": 0.08956200446462936,
        "4": 0.0,
        "5": 0.0,
        "6": 0.9585231576717753,
        "7": 0.8125313409159687,
        "8": 0.11119416553869775,
        "9": 0.006809164213490337,
        "10": 0.0,
        "11": 0.012848925521053812,
        "12": 0.0,
        "13": 0.0,
        "mean_dice": 0.17518426459176958
    },
    "BTCV_npz/0021.npz": {
        "1": 0.04073541981123498,
        "2": 0.015897697734868176,
        "3": 0.07230782473960574,
        "4": 0.0,
        "5": 0.0,
        "6": 0.9611716374035552,
        "7": 0.47406941425560184,
        "8": 0.07276076444853788,
        "9": 0.010876431651514735,
        "10": 0.0,
        "11": 0.013570005909518703,
        "12": 0.0,
        "13": 0.0,
        "mean_dice": 0.12779916891957208
    },
    "BTCV_npz/0022.npz": {
        "1": 0.2749461386081349,
        "2": 0.007328172093847882,
        "3": 0.005801736801978541,
        "4": 0.0,
        "5": 0.0,
        "6": 0.8834354909128265,
        "7": 0.48999108687673676,
        "8": 0.12291518457038969,
        "9": 0.05095842332613391,
        "10": 0.0,
        "11": 0.0,
        "12": 0.0,
        "13": 0.0,
        "mean_dice": 0.14118278716846527
    },
    "BTCV_npz/0023.npz": {
        "1": 0.0006973066530525844,
        "2": 0.004736506925648782,
        "3": 4.2520622501913426e-05,
        "5": 0.0,
        "6": 0.9366497873846925,
        "7": 0.0,
        "8": 0.024496793656550338,
        "9": 0.0,
        "10": 0.0,
        "11": 0.0,
        "12": 0.0,
        "13": 0.0,
        "mean_dice": 0.08055190960353718
    },
    "BTCV_npz/0024.npz": {
        "1": 0.6300215577842347,
        "2": 0.10986357999173212,
        "3": 0.05649931224209078,
        "4": 0.0,
        "5": 0.0,
        "6": 0.9657736065908553,
        "7": 0.25459314947334566,
        "8": 0.13425189017111022,
        "9": 0.0,
        "10": 0.0,
        "11": 0.011776916396602487,
        "12": 0.0,
        "13": 0.0,
        "mean_dice": 0.16636769328076703
    },
    "BTCV_npz/0025.npz": {
        "1": 0.058779011099899095,
        "2": 0.00021867483052700635,
        "3": 0.000395630481130624,
        "4": 0.0,
        "5": 0.0,
        "6": 0.9619746302006352,
        "7": 0.7137179429083222,
        "8": 0.032270794054456965,
        "9": 0.04289428076256499,
        "10": 0.0,
        "11": 0.0,
        "12": 0.0,
        "13": 0.0,
        "mean_dice": 0.13925007417981047
    },
    "BTCV_npz/0026.npz": {
        "1": 0.17022601740612656,
        "2": 0.01245096637921451,
        "3": 0.03533590175776547,
        "4": 0.0,
        "5": 0.0,
        "6": 0.9335600461431529,
        "7": 0.07875046763935653,
        "8": 0.05548838954433651,
        "9": 0.08797837530231896,
        "10": 0.0,
        "11": 0.0,
        "12": 0.0,
        "13": 0.0,
        "mean_dice": 0.10567616647479011
    },
    "BTCV_npz/0027.npz": {
        "1": 0.20104249370016225,
        "2": 0.04342819988350514,
        "3": 0.043184567818255144,
        "4": 0.0,
        "5": 0.0,
        "6": 0.9327179795757367,
        "7": 0.17241498496467067,
        "8": 0.10243756043882757,
        "9": 0.09554866247779634,
        "10": 0.0,
        "11": 0.0,
        "12": 0.0,
        "13": 0.0,
        "mean_dice": 0.1223672652968426
    },
    "BTCV_npz/0028.npz": {
        "1": 0.04181822049220428,
        "2": 0.0,
        "3": 0.0,
        "4": 0.0,
        "5": 0.0,
        "6": 0.8060953134115317,
        "7": 0.03952976950017647,
        "8": 0.025010746805267887,
        "9": 0.05380666215624627,
        "10": 0.0,
        "11": 0.0,
        "12": 0.0,
        "13": 0.0,
        "mean_dice": 0.07432774710503282
    },
    "BTCV_npz/0029.npz": {
        "1": 0.21366581394792838,
        "2": 0.01019346039266358,
        "3": 0.033241959769893054,
        "4": 0.0,
        "5": 0.0,
        "6": 0.9746594186973411,