{
    "BTCV_npz/0001.npz": {
        "1": 0.9665843816966545,
        "2": 0.6349649591302815,
        "3": 0.42957617495146344,
        "4": 0.0,
        "5": 0.0022913545430510267,
        "6": 0.972552091042629,
        "7": 0.8913840600360976,
        "8": 0.526773354722693,
        "9": 0.2923527350983434,
        "10": 0.0,
        "11": 0.18746232670283303,
        "12": 0.0,
        "13": 0.0,
        "mean_dice": 0.3772262644556959
    },
    "BTCV_npz/0002.npz": {
        "1": 0.2838779514241256,
        "2": 0.2006409582851739,
        "3": 0.2639569049951028,
        "4": 0.11717421548925645,
        "5": 0.0,
        "6": 0.968353846993117,
        "7": 0.8320398581967998,
        "8": 0.445669366821646,
        "9": 0.4153191242063665,
        "10": 0.0,
        "11": 0.014147714307446565,
        "12": 0.0,
        "13": 0.0,
        "mean_dice": 0.27239845697838727
    },
    "BTCV_npz/0003.npz": {
        "1": 0.7449828377371855,
        "2": 0.3094999034562657,
        "3": 0.3756020690698979,
        "4": 0.20771001150747986,
        "5": 0.0,
        "6": 0.960660820405796,
        "7": 0.9430595320930338,
        "8": 0.5071002214306345,
        "9": 0.13751076658053402,
        "10": 0.0,
        "11": 0.02915793883535819,
        "12": 0.0,
        "13": 0.0,
        "mean_dice": 0.32425262316278347
    },
    "BTCV_npz/0004.npz": {
        "1": 0.8074530550549387,
        "2": 0.32737740857737213,
        "3": 0.5244355369053957,
        "4": 0.0,
        "5": 0.023976608187134502,
        "6": 0.9671723103382573,
        "7": 0.5027863706669093,
        "8": 0.3690129355552966,
        "9": 0.4190235264356185,
        "10": 0.0,
        "11": 0.09438195387738282,
        "12": 0.0,
        "13": 0.0,
        "mean_dice": 0.3104322850460235
    },
    "BTCV_npz/0005.npz": {
        "1": 0.8665456196096233,
        "2": 0.5596328159236109,
        "3": 0.2799780543839797,
        "4": 0.07726294982849834,
        "5": 0.0,
        "6": 0.9591567907840748,
        "7": 0.8220662184672414,
        "8": 0.6257746069932391,
        "9": 0.06760599793174768,
        "10": 0.00029440989217237697,
        "11": 0.04451044696079038,
        "12": 0.0,
        "13": 0.0,
        "mean_dice": 0.3309867623673059
    },
    "BTCV_npz/0006.npz": {
        "1": 0.04038618438944792,
        "2": 0.2422657690149876,
        "3": 0.3642160159957246,
        "4": 0.0028930476448784017,
        "5": 0.0,
        "6": 0.9506087906934381,
        "7": 0.3713750086791492,
        "8": 0.20094959824689554,
        "9": 0.21640058055152395,
        "10": 0.0,
        "11": 0.02569394283355691,
        "12": 0.0,
        "13": 0.0,
        "mean_dice": 0.18575299523458477
    },
    "BTCV_npz/0007.npz": {
        "1": 0.8704589918674237,
        "2": 0.187542366498456,
        "3": 0.17674649255119118,
        "4": 0.02248754761207149,
        "5": 0.0010480349344978166,
        "6": 0.9652722784521428,
        "7": 0.3881856158561947,
        "8": 0.191833916200744,
        "9": 0.17142199282383866,
        "10": 0.0,
        "11": 0.03450190355329949,
        "12": 0.0,
        "13": 0.0,
        "mean_dice": 0.23149993387306614
    },
    "BTCV_npz/0008.npz": {
        "1": 0.8736870289654688,
        "2": 0.0,
        "3": 0.0,
        "4": 0.0,
        "5": 0.0,
        "6": 0.9316670989924267,
        "7": 0.20760248349110147,
        "8": 0.2771795762417506,
        "9": 0.3803680981595092,
        "10": 0.0,
        "11": 0.11346543372963452,
        "12": 0.0,
        "13": 0.0,
        "mean_dice": 0.2141515168907609
    },
    "BTCV_npz/0009.npz": {
        "1": 0.9804981439036379,
        "2": 0.15144837185026241,
        "3": 0.2721345782356729,
        "4": 0.0,
        "5": 0.01088534107402032,
        "6": 0.9590428575469009,
        "7": 0.6791007883713064,
        "8": 0.4266948120483884,
        "9": 0.35068566698731574,
        "10": 0.00041880830001903675,
        "11": 0.041002399360170624,
        "12": 0.0,
        "13": 0.0,
        "mean_dice": 0.297839366744438
    },
    "BTCV_npz/0010.npz": {
        "1": 0.512869595947697,
        "2": 0.19934351298970457,
        "3": 0.27019779913637,
        "4": 0.0,
        "5": 0.0,
        "6": 0.9635147191993717,
        "7": 0.887034805459223,
        "8": 0.3376410985690161,
        "9": 0.035572823372101825,
        "10": 0.0,
        "11": 0.05270735218759913,
        "12": 0.0,
        "13": 0.0,
        "mean_dice": 0.25068320822008333
    },
    "BTCV_npz/0021.npz": {
        "1": 0.2784098172056756,
        "2": 0.2008500252482747,
        "3": 0.33661859420531953,
        "4": 0.0008701326952360235,
        "5": 0.0,
        "6": 0.9654459694199633,
        "7": 0.7068506665287596,
        "8": 0.2518796992481203,
        "9": 0.05510648011386524,
        "10": 0.0,
        "11": 0.07295581459540948,
        "12": 0.0,
        "13": 0.0,
        "mean_dice": 0.220691323020048
    },
    "BTCV_npz/0022.npz": {
        "1": 0.5338294619337963,
        "2": 0.09445407279029462,
        "3": 0.048513302034428794,
        "4": 0.0,
        "5": 0.011471178663607686,
        "6": 0.9136425824104907,
        "7": 0.8094819392285927,
        "8": 0.33330993823694555,
        "9": 0.156767625187502,
        "10": 0.0,
        "11": 0.0,
        "12": 0.0,
        "13": 0.0,
        "mean_dice": 0.22319000772966605
    },
    "BTCV_npz/0023.npz": {
        "1": 0.1200590108654927,
        "2": 0.0543729260861972,
        "3": 0.03385933744382903,
        "5": 0.000508001016002032,
        "6": 0.950523632662886,
        "7": 0.0008848125168599946,
        "8": 0.12662581290645322,
        "9": 0.03847576766555679,
        "10": 0.0,
        "11": 0.0,
        "12": 0.0,
        "13": 0.0,
        "mean_dice": 0.1104424417636064
    },
    "BTCV_npz/0024.npz": {
        "1": 0.959350954663095,
        "2": 0.28131355425290105,
        "3": 0.1782583472992136,
        "4": 0.0,
        "5": 0.0,
        "6": 0.9665669472619044,
        "7": 0.6966239151506533,
        "8": 0.37963582953539105,
        "9": 0.07711271077802978,
        "10": 0.0,
        "11": 0.051278857332668994,
        "12": 0.0,
        "13": 0.0,
        "mean_dice": 0.2761647012518351
    },
    "BTCV_npz/0025.npz": {
        "1": 0.3142790640360365,
        "2": 0.04271985959805663,
        "3": 0.04813797837652308,
        "4": 0.0,
        "5": 0.0,
        "6": 0.9685321739210477,
        "7": 0.8296010052952328,
        "8": 0.23363639941748338,
        "9": 0.160306276218792,
        "10": 0.0,
        "11": 0.0,
        "12": 0.0,
        "13": 0.0,
        "mean_dice": 0.19978559668178247
    },
    "BTCV_npz/0026.npz": {
        "1": 0.2897760348049879,
        "2": 0.08907822210007177,
        "3": 0.13852690410333912,
        "4": 0.0,
        "5": 0.0,
        "6": 0.9343775154095304,
        "7": 0.4328233052001089,
        "8": 0.3637320146250362,
        "9": 0.20977195225916453,
        "10": 0.0,
        "11": 0.004156024070306074,
        "12": 0.0,
        "13": 0.0,
        "mean_dice": 0.18940322865942652
    },
    "BTCV_npz/0027.npz": {
        "1": 0.4923340983163944,
        "2": 0.16877123586388762,
        "3": 0.141082944894962,
        "4": 0.0,
        "5": 0.0,
        "6": 0.9593241021243716,
        "7": 0.4684178153161521,
        "8": 0.3019216996896634,
        "9": 0.20558553157474022,
        "10": 0.0,
        "11": 0.0,
        "12": 0.0,
        "13": 0.0,
        "mean_dice": 0.21057210982924396
    },
    "BTCV_npz/0028.npz": {
        "1": 0.2500095046192449,
        "2": 0.003109162702484221,
        "3": 0.0004534119247336205,
        "4": 0.00888832455082217,
        "5": 0.0,
        "6": 0.9268779496721813,
        "7": 0.46693292175176754,
        "8": 0.2576107567660748,
        "9": 0.18235206660719597,
        "10": 0.0,
        "11": 0.005907484571971096,
        "12": 0.0,
        "13": 0.0,
        "mean_dice": 0.16170319870511352
    },