{
    "BTCV_npz/0001.npz": {
        "1": 0.9744214945855016,
        "2": 0.8392732587105989,
        "3": 0.9265057023156065,
        "4": 0.9735399284862932,
        "5": 0.94579945799458,
        "6": 0.9726766222025142,
        "7": 0.7350474231516398,
        "8": 0.926209836300462,
        "9": 0.8037983859276083,
        "10": 0.7444290593556725,
        "11": 0.8977815494177213,
        "12": 0.9318817125202296,
        "13": 0.9262027090144792,
        "mean_dice": 0.8921205492294544
    },
    "BTCV_npz/0002.npz": {
        "1": 0.9448553966353727,
        "2": 0.9604281916804368,
        "3": 0.9595780080163352,
        "4": 0.8568468468468469,
        "5": 0.9316059757236228,
        "6": 0.9673432264123272,
        "7": 0.929008245781894,
        "8": 0.9455916192321666,
        "9": 0.7639827842741734,
        "10": 0.6821277696353134,
        "11": 0.8865500273373428,
        "12": 0.8824418253248716,
        "13": 0.8539741219963032,
        "mean_dice": 0.8895641568382313
    },
    "BTCV_npz/0003.npz": {
        "1": 0.6394488641023538,
        "2": 0.8907773870771235,
        "3": 0.8453679674727572,
        "4": 0.9621623177559333,
        "5": 0.9311361887663503,
        "6": 0.9666461537014734,
        "7": 0.7815413276065047,
        "8": 0.762354750982062,
        "9": 0.7257911141634529,
        "10": 0.8153062798950779,
        "11": 0.8978413583231422,
        "12": 0.9195910472506217,
        "13": 0.9505601194921584,
        "mean_dice": 0.8529634520453084
    },
    "BTCV_npz/0004.npz": {
        "1": 0.9524898312835447,
        "2": 0.9484354639454401,
        "3": 0.8344091750189085,
        "4": 0.9728480647024841,
        "5": 0.9300638421358096,
        "6": 0.9666244542197848,
        "7": 0.8437721174411822,
        "8": 0.7558594589945383,
        "9": 0.7368903312016799,
        "10": 0.6398682042833608,
        "11": 0.854232433514529,
        "12": 0.867080745341615,
        "13": 0.4413494274218508,
        "mean_dice": 0.82645565765421
    },
    "BTCV_npz/0005.npz": {
        "1": 0.5674764949902221,
        "2": 0.9520274468487452,
        "3": 0.9516177291949254,
        "4": 0.956681372694164,
        "5": 0.8977908221948995,
        "6": 0.9618304521494286,
        "7": 0.821205102941741,
        "8": 0.810007282097244,
        "9": 0.7345332680649169,
        "10": 0.6272791398584956,
        "11": 0.8765543678125097,
        "12": 0.8650060964988678,
        "13": 0.9028824833702882,
        "mean_dice": 0.8403763122089576
    },
    "BTCV_npz/0006.npz": {
        "1": 0.8821535050425685,
        "2": 0.9260431154381085,
        "3": 0.933766468146544,
        "4": 0.9559897735573412,
        "5": 0.9570670525808008,
        "6": 0.9644664158045597,
        "7": 0.857316239052512,
        "8": 0.9398643791167156,
        "9": 0.7869061376129945,
        "10": 0.6854539318258521,
        "11": 0.8594016991167481,
        "12": 0.7777298230470436,
        "13": 0.9439735373165185,
        "mean_dice": 0.882317852127562
    },
    "BTCV_npz/0007.npz": {
        "1": 0.622169875982308,
        "2": 0.9570423783911579,
        "3": 0.9293477946827382,
        "4": 0.9097097683270504,
        "5": 0.9226054266100032,
        "6": 0.9651064128847354,
        "7": 0.8897015933650035,
        "8": 0.8941845603271984,
        "9": 0.7174946474579962,
        "10": 0.563089564502876,
        "11": 0.7646078961600865,
        "12": 0.927263479145473,
        "13": 0.9558011049723757,
        "mean_dice": 0.8475480386776155
    },
    "BTCV_npz/0008.npz": {
        "1": 0.9594532669668958,
        "2": 0.9040499346784729,
        "3": 0.9026232660348853,
        "4": 0.9471007121057986,
        "5": 0.9745843989769821,
        "6": 0.9619827244983336,
        "7": 0.9099664967559895,
        "8": 0.9477032430031097,
        "9": 0.7608930695210293,
        "10": 0.6869470960523095,
        "11": 0.8998335616879236,
        "12": 0.8405405405405405,
        "13": 0.9647277227722773,
        "mean_dice": 0.8969543102765039
    },
    "BTCV_npz/0009.npz": {
        "1": 0.49343940604618913,
        "2": 0.9076628594931503,
        "3": 0.903672694112255,
        "4": 0.9523354666157227,
        "5": 0.9528183716075157,
        "6": 0.8322505514249103,
        "7": 0.5411418120440284,
        "8": 0.7463729853410777,
        "9": 0.7218155431159594,
        "10": 0.8351482723538942,
        "11": 0.8912416793332983,
        "12": 0.9723756906077348,
        "13": 0.501542529748788,
        "mean_dice": 0.7886013739880403
    },
    "BTCV_npz/0010.npz": {
        "1": 0.9677125878322138,
        "2": 0.9322769591220174,
        "3": 0.9106523061509285,
        "4": 0.9070294784580499,
        "5": 0.9528307320163566,
        "6": 0.9634406815966288,
        "7": 0.781387963416272,
        "8": 0.9066850662719654,
        "9": 0.7342022289060344,
        "10": 0.5606586092135225,
        "11": 0.8711068519405846,
        "12": 0.8235575772085229,
        "13": 0.95460399227302,
        "mean_dice": 0.8666265411081628
    },
    "BTCV_npz/0021.npz": {
        "1": 0.9646445917712073,
        "2": 0.9558076532339993,
        "3": 0.9682414024666554,
        "4": 0.9436656148155812,
        "5": 0.9582338902147971,
        "6": 0.9664030798167613,
        "7": 0.8841577008932251,
        "8": 0.8698208346743912,
        "9": 0.6938426360032243,
        "10": 0.5901179404582533,
        "11": 0.8778660635859743,
        "12": 0.628140703517588,
        "13": 0.8587786259541985,
        "mean_dice": 0.8584400567235272
    },
    "BTCV_npz/0022.npz": {
        "1": 0.9494463751717449,
        "2": 0.9719203075301969,
        "3": 0.961466462890784,
        "4": 0.9813504823151126,
        "5": 0.9305345816973724,
        "6": 0.9367289688361713,
        "7": 0.9197397063806284,
        "8": 0.8319857067595117,
        "9": 0.6932371579354891,
        "10": 0.5443962440283345,
        "11": 0.8578360019408054,
        "12": 0.922695035460993,
        "13": 0.9295454545454546,
        "mean_dice": 0.8792986527301999
    },
    "BTCV_npz/0023.npz": {
        "1": 0.9568803216363614,
        "2": 0.9588780880200812,
        "3": 0.943257125591701,
        "5": 0.9289336923173251,
        "6": 0.9495727200327333,
        "7": 0.8139946165328793,
        "8": 0.9016245185061129,
        "9": 0.7721238410753867,
        "10": 0.6220247062368183,
        "11": 0.813466645836588,
        "12": 0.8098676293622142,
        "13": 0.949728581543545,
        "mean_dice": 0.8683627072243122
    },
    "BTCV_npz/0024.npz": {
        "1": 0.9674071518214447,
        "2": 0.8463552566261425,
        "3": 0.8930691585984756,
        "4": 0.9294148517449489,
        "5": 0.9495340898606882,
        "6": 0.9665837911537073,
        "7": 0.9321477527885157,
        "8": 0.8064836059507068,
        "9": 0.8534268377598727,
        "10": 0.7407433257721165,
        "11": 0.904330333287931,
        "12": 0.9269249632172634,
        "13": 0.9339027862517796,
        "mean_dice": 0.8961787619102763
    },
    "BTCV_npz/0025.npz": {
        "1": 0.976099984797446,
        "2": 0.9526985668151212,
        "3": 0.9614011077133632,
        "4": 0.9826216327435029,
        "5": 0.9630678466076696,
        "6": 0.962231434756655,
        "7": 0.9521577717353236,
        "8": 0.9493441985029871,
        "9": 0.5451943860930983,
        "10": 0.46882276843467013,
        "11": 0.8060938957404913,
        "12": 0.7317267476598287,
        "13": 0.9657156557180532,
        "mean_dice": 0.862859692101401
    },
    "BTCV_npz/0026.npz": {
        "1": 0.9680133942268078,
        "2": 0.969323403581049,
        "3": 0.9483285468121769,
        "4": 0.9405957161981259,
        "5": 0.9242908453293363,
        "6": 0.939891208688164,
        "7": 0.8936147679012084,
        "8": 0.9230978830433871,
        "9": 0.7126800696533164,
        "10": 0.44143449339631735,
        "11": 0.8236465463596764,
        "12": 0.5846228239845261,