{
    "BTCV_npz/0001.npz": {
        "1": 0.9756343102984674,
        "2": 0.9224195311718634,
        "3": 0.9711722126312485,
        "4": 0.9738411385863084,
        "5": 0.9593830784734697,
        "6": 0.9737160167302251,
        "7": 0.8302738157038209,
        "8": 0.9600994687464677,
        "9": 0.9079356674829572,
        "10": 0.8163612975002608,
        "11": 0.921861473102436,
        "12": 0.9317008408319811,
        "13": 0.9441078980454909,
        "mean_dice": 0.9298851345619229
    },
    "BTCV_npz/0002.npz": {
        "1": 0.9494630408444182,
        "2": 0.9681530482490606,
        "3": 0.9682236652055414,
        "4": 0.9756334887492398,
        "5": 0.9419534237052485,
        "6": 0.9699119402532591,
        "7": 0.9411892745754701,
        "8": 0.95148174093138,
        "9": 0.9124675347237303,
        "10": 0.6780922704059552,
        "11": 0.8806830363335981,
        "12": 0.8893891640402222,
        "13": 0.8520490854364436,
        "mean_dice": 0.9137454394964283
    },
    "BTCV_npz/0003.npz": {
        "1": 0.9403063468543293,
        "2": 0.9650335637711652,
        "3": 0.9688471502590673,
        "4": 0.9643059161384832,
        "5": 0.9448465825379541,
        "6": 0.9670013653916529,
        "7": 0.9561384775873424,
        "8": 0.936699527129919,
        "9": 0.7595594020456333,
        "10": 0.8564288112201126,
        "11": 0.9198421281795581,
        "12": 0.9210816777041942,
        "13": 0.9505601194921584,
        "mean_dice": 0.92697315910089
    },
    "BTCV_npz/0004.npz": {
        "1": 0.9571215828535025,
        "2": 0.9686064763676531,
        "3": 0.9321918048301728,
        "4": 0.9734027175484244,
        "5": 0.9592244083262047,
        "6": 0.9680756551682379,
        "7": 0.8959137867188621,
        "8": 0.9448885149347918,
        "9": 0.9459787532826099,
        "10": 0.6588346699020508,
        "11": 0.8632136279926336,
        "12": 0.9111848526254148,
        "13": 0.46557971014492755,
        "mean_dice": 0.8803243508227296
    },
    "BTCV_npz/0005.npz": {
        "1": 0.9771631761028492,
        "2": 0.9635604529887503,
        "3": 0.9596401858708347,
        "4": 0.9577190459067482,
        "5": 0.8988808793659644,
        "6": 0.9640986119878989,
        "7": 0.9367896144417205,
        "8": 0.8469884127678181,
        "9": 0.782716862400761,
        "10": 0.6364138517102188,
        "11": 0.8676789587852495,
        "12": 0.8707506471095772,
        "13": 0.9032830523513753,
        "mean_dice": 0.8896679809069051
    },
    "BTCV_npz/0006.npz": {
        "1": 0.8832630403434779,
        "2": 0.9664934718891554,
        "3": 0.9641469203404974,
        "4": 0.9499652858134691,
        "5": 0.9570359642770939,
        "6": 0.9699495590776233,
        "7": 0.914287412868035,
        "8": 0.9414429366396564,
        "9": 0.9137456000156879,
        "10": 0.6858269935193012,
        "11": 0.884013230429989,
        "12": 0.8153717627401837,
        "13": 0.9435367114788004,
        "mean_dice": 0.9068522222640746
    },
    "BTCV_npz/0007.npz": {
        "1": 0.8343604019067873,
        "2": 0.9681590996469889,
        "3": 0.9625099293971259,
        "4": 0.9073570511367928,
        "5": 0.9248649533475201,
        "6": 0.9672490679772202,
        "7": 0.9090319387786486,
        "8": 0.9186794589415264,
        "9": 0.7890138478008126,
        "10": 0.5775536759921925,
        "11": 0.8202744397531666,
        "12": 0.9466733117368552,
        "13": 0.956651083722907,
        "mean_dice": 0.8832598661645034
    },
    "BTCV_npz/0008.npz": {
        "1": 0.9589120785420003,
        "2": 0.9039941902687001,
        "3": 0.9024993133754463,
        "4": 0.9520257354655228,
        "5": 0.9752198241406874,
        "6": 0.9632363062589225,
        "7": 0.9255088288370605,
        "8": 0.9484370539537539,
        "9": 0.9315567596604113,
        "10": 0.6884913702746139,
        "11": 0.9121752317989048,
        "12": 0.8495717344753747,
        "13": 0.9650695517774344,
        "mean_dice": 0.9135921522176024
    },
    "BTCV_npz/0009.npz": {
        "1": 0.7041387379882236,
        "2": 0.9551477468232169,
        "3": 0.9459018983770118,
        "4": 0.9615934432478795,
        "5": 0.9625536417612134,
        "6": 0.931587888869716,
        "7": 0.8937830622260305,
        "8": 0.9151057237593085,
        "9": 0.9056824355456528,
        "10": 0.8661446249033256,
        "11": 0.8964983403523963,
        "12": 0.9753303964757709,
        "13": 0.6262386048355133,
        "mean_dice": 0.8876697342434816
    },
    "BTCV_npz/0010.npz": {
        "1": 0.9701816051552431,
        "2": 0.9525921617101724,
        "3": 0.9559931448325025,
        "4": 0.9107832458659273,
        "5": 0.9552550635482561,
        "6": 0.9656500535424518,
        "7": 0.8440806320086844,
        "8": 0.8938746921530084,
        "9": 0.7599351061578613,
        "10": 0.5609423607955538,
        "11": 0.8815561889449195,
        "12": 0.8353470741530443,
        "13": 0.9544356786346804,
        "mean_dice": 0.8800482313463314
    },
    "BTCV_npz/0021.npz": {
        "1": 0.9702778336656119,
        "2": 0.9583937167180991,
        "3": 0.968831311412417,
        "4": 0.9503950604363979,
        "5": 0.9578361177406524,
        "6": 0.9682068809469936,
        "7": 0.9248591533361993,
        "8": 0.9637758112094396,
        "9": 0.7549458165322581,
        "10": 0.6031811609171659,
        "11": 0.8856622462344467,
        "12": 0.7050583657587549,
        "13": 0.8587786259541985,
        "mean_dice": 0.8823232385278948
    },
    "BTCV_npz/0022.npz": {
        "1": 0.9565980226945378,
        "2": 0.9697248065045735,
        "3": 0.9608177172061328,
        "4": 0.9815070383659951,
        "5": 0.9838686652391149,
        "6": 0.9613796227089957,
        "7": 0.9618336599192921,
        "8": 0.9520058657169792,
        "9": 0.8450704225352113,
        "10": 0.5709063541554672,
        "11": 0.8553814225328471,
        "12": 0.923458540042523,
        "13": 0.9307604994324631,
        "mean_dice": 0.9117932797733949
    },
    "BTCV_npz/0023.npz": {
        "1": 0.9536828971356927,
        "2": 0.9581579406801032,
        "3": 0.9457737505309358,
        "5": 0.9302791338089874,
        "6": 0.9523032545230325,
        "7": 0.8444817505571797,
        "8": 0.9158861401786754,
        "9": 0.7734693391167569,
        "10": 0.6123783454987834,
        "11": 0.8168519602106495,
        "12": 0.8300325155187703,
        "13": 0.949728581543545,
        "mean_dice": 0.8735854674419259
    },
    "BTCV_npz/0024.npz": {
        "1": 0.9691889673232766,
        "2": 0.9530013393400706,
        "3": 0.9647691323664148,
        "4": 0.9294148517449489,
        "5": 0.9500138593735563,
        "6": 0.9674344494315564,
        "7": 0.9469085259361746,
        "8": 0.9600602472213566,
        "9": 0.8616256046517456,
        "10": 0.7391532356745796,
        "11": 0.908599425578645,
        "12": 0.9196936001976773,
        "13": 0.9349328995526637,
        "mean_dice": 0.9234458567994358
    },
    "BTCV_npz/0025.npz": {
        "1": 0.9798964631623016,
        "2": 0.9520774215408072,
        "3": 0.9624896639855671,
        "4": 0.9805021027144132,
        "5": 0.9623332152556382,
        "6": 0.9699869731333118,
        "7": 0.9645420169672072,
        "8": 0.9719542693819221,
        "9": 0.8530044457192026,
        "10": 0.46365062761506276,
        "11": 0.8061690468282963,
        "12": 0.7221664994984955,
        "13": 0.9657156557180532,
        "mean_dice": 0.8888068001169446
    },
    "BTCV_npz/0026.npz": {
        "1": 0.9717103464093223,
        "2": 0.9657369512589403,
        "3": 0.9628288806603525,
        "4": 0.9413735343383585,
        "5": 0.9248371566128576,
        "6": 0.9450960829355635,
        "7": 0.924182478805006,
        "8": 0.9228715264218847,
        "9": 0.8287901298365739,
        "10": 0.4545975365224864,
        "11": 0.8087808570587494,
        "12": 0.621268656716418,