{
    "BTCV_npz/0001.npz": {
        "1": 0.9793173340233305,
        "2": 0.9748406222945143,
        "3": 0.9709651182419471,
        "4": 0.9738411385863084,
        "5": 0.9597512372443393,
        "6": 0.9749230072115939,
        "7": 0.9564637563475846,
        "8": 0.9600962292767115,
        "9": 0.9098433299885006,
        "10": 0.8130021786492375,
        "11": 0.9069544692641878,
        "12": 0.9310395530069108,
        "13": 0.9447109892620517,
        "mean_dice": 0.9427499202613245
    },
    "BTCV_npz/0002.npz": {
        "1": 0.951869138050697,
        "2": 0.968638871199708,
        "3": 0.9675594826611028,
        "4": 0.9752931153393647,
        "5": 0.9419534237052485,
        "6": 0.9700663030148218,
        "7": 0.9367272316043426,
        "8": 0.9535312866968629,
        "9": 0.9104947643297735,
        "10": 0.6894452542227557,
        "11": 0.8811068750473401,
        "12": 0.8914763397522019,
        "13": 0.8519504572288459,
        "mean_dice": 0.9146240417579281
    },
    "BTCV_npz/0003.npz": {
        "1": 0.9764412520004466,
        "2": 0.9657981271595253,
        "3": 0.9701850564117491,
        "4": 0.9638690744265105,
        "5": 0.9448465825379541,
        "6": 0.9721100257118099,
        "7": 0.9706164931060369,
        "8": 0.9234234972229959,
        "9": 0.7721111399636458,
        "10": 0.8600542972962921,
        "11": 0.8914675384809665,
        "12": 0.9195910472506217,
        "13": 0.9505601194921584,
        "mean_dice": 0.9293134039277471
    },
    "BTCV_npz/0004.npz": {
        "1": 0.9551772148806761,
        "2": 0.9678326565932237,
        "3": 0.9747742371969694,
        "4": 0.9734027175484244,
        "5": 0.960239418554938,
        "6": 0.9671337708739832,
        "7": 0.9325694465032166,
        "8": 0.9565264625468504,
        "9": 0.9531437031437031,
        "10": 0.642244738893219,
        "11": 0.8636810117257044,
        "12": 0.9062129006727345,
        "13": 0.46610677864427114,
        "mean_dice": 0.8860803890598395
    },
    "BTCV_npz/0005.npz": {
        "1": 0.9791146942012374,
        "2": 0.9627698460479918,
        "3": 0.9590627551731692,
        "4": 0.9576299139404479,
        "5": 0.8988808793659644,
        "6": 0.9727866070806912,
        "7": 0.9347859015438392,
        "8": 0.8703935019738556,
        "9": 0.8325300148979056,
        "10": 0.627083467060359,
        "11": 0.8674815595363541,
        "12": 0.8639135737933438,
        "13": 0.9032830523513753,
        "mean_dice": 0.8945935205358874
    },
    "BTCV_npz/0006.npz": {
        "1": 0.8833566554937247,
        "2": 0.9669163406827881,
        "3": 0.9665968023351512,
        "4": 0.9499166820959082,
        "5": 0.9570359642770939,
        "6": 0.9705174005414345,
        "7": 0.9111562027532426,
        "8": 0.9414592207589199,
        "9": 0.9046950614981398,
        "10": 0.70592793490895,
        "11": 0.8836292878734106,
        "12": 0.6732954545454546,
        "13": 0.9435367114788004,
        "mean_dice": 0.8967722860956169
    },
    "BTCV_npz/0007.npz": {
        "1": 0.9765280017561783,
        "2": 0.9681804391962848,
        "3": 0.9615779741113623,
        "4": 0.907228961191097,
        "5": 0.9247892626237826,
        "6": 0.9708508701713128,
        "7": 0.952499609784378,
        "8": 0.9289117234936946,
        "9": 0.7838688039229292,
        "10": 0.5832929077326089,
        "11": 0.8306483930431995,
        "12": 0.9460570574311699,
        "13": 0.9565402188927851,
        "mean_dice": 0.8993057094885218
    },
    "BTCV_npz/0008.npz": {
        "1": 0.9564589426142189,
        "2": 0.9039941902687001,
        "3": 0.9024993133754463,
        "4": 0.9520257354655228,
        "5": 0.9752198241406874,
        "6": 0.9651675892176514,
        "7": 0.9107709359466627,
        "8": 0.9485691843547495,
        "9": 0.9326932084309133,
        "10": 0.689619087484303,
        "11": 0.8900632742179841,
        "12": 0.8537886872998933,
        "13": 0.9647495361781077,
        "mean_dice": 0.911201500691911
    },
    "BTCV_npz/0009.npz": {
        "1": 0.9787495575285305,
        "2": 0.9553359057032613,
        "3": 0.9418334573300187,
        "4": 0.9615934432478795,
        "5": 0.9624272358440642,
        "6": 0.9653597598208834,
        "7": 0.9304834545555494,
        "8": 0.9175390544651459,
        "9": 0.9435373020352601,
        "10": 0.8563554077054,
        "11": 0.8951002959552778,
        "12": 0.9748788012340238,
        "13": 0.6199761241543972,
        "mean_dice": 0.9156284461215147
    },
    "BTCV_npz/0010.npz": {
        "1": 0.969476644488648,
        "2": 0.9528187316314882,
        "3": 0.9569289030888087,
        "4": 0.9107832458659273,
        "5": 0.9552550635482561,
        "6": 0.9651816269229317,
        "7": 0.9591796044736535,
        "8": 0.9009423378954454,
        "9": 0.7441520677257166,
        "10": 0.5618792039870352,
        "11": 0.8720580385305964,
        "12": 0.844952203310795,
        "13": 0.954618603154168,
        "mean_dice": 0.8883250980479592
    },
    "BTCV_npz/0021.npz": {
        "1": 0.970324968620876,
        "2": 0.9584108189878241,
        "3": 0.969024258641384,
        "4": 0.9503950604363979,
        "5": 0.9578361177406524,
        "6": 0.9708110936119816,
        "7": 0.9308847411769644,
        "8": 0.9621142262944142,
        "9": 0.7554329840044126,
        "10": 0.5837240804418047,
        "11": 0.8839605181986429,
        "12": 0.771513353115727,
        "13": 0.8587786259541985,
        "mean_dice": 0.8864008344019447
    },
    "BTCV_npz/0022.npz": {
        "1": 0.9556815863560325,
        "2": 0.9697556775374018,
        "3": 0.9611607345273181,
        "4": 0.9815070383659951,
        "5": 0.9870462633451957,
        "6": 0.9506248517157396,
        "7": 0.9436660890388694,
        "8": 0.9569260789238785,
        "9": 0.7857796824778416,
        "10": 0.5502345369259299,
        "11": 0.8591806320143557,
        "12": 0.9223128769067045,
        "13": 0.9307604994324631,
        "mean_dice": 0.9042028113513634
    },
    "BTCV_npz/0023.npz": {
        "1": 0.9537870618313119,
        "2": 0.9583195886290871,
        "3": 0.9458715967474413,
        "5": 0.9302121800087626,
        "6": 0.9448903116636864,
        "7": 0.8373532239736604,
        "8": 0.9309448377901679,
        "9": 0.31809331990600875,
        "10": 0.6194623817389998,
        "11": 0.8168519602106495,
        "12": 0.8606793321819228,
        "13": 0.949728581543545,
        "mean_dice": 0.8388495313521035
    },
    "BTCV_npz/0024.npz": {
        "1": 0.9681397738951696,
        "2": 0.9664976008621501,
        "3": 0.9639735259347468,
        "4": 0.9294148517449489,
        "5": 0.9500138593735563,
        "6": 0.968677365799668,
        "7": 0.948593784352081,
        "8": 0.9600656455142232,
        "9": 0.8594784353059177,
        "10": 0.74670743996942,
        "11": 0.8867779797618922,
        "12": 0.9234178773701058,
        "13": 0.9342828077314344,
        "mean_dice": 0.9235416113550242
    },
    "BTCV_npz/0025.npz": {
        "1": 0.9796382095805971,
        "2": 0.9520632802820929,
        "3": 0.9625746573282344,
        "4": 0.9805021027144132,
        "5": 0.9623332152556382,
        "6": 0.9777144750617239,
        "7": 0.9604371249970755,
        "8": 0.9720085852262564,
        "9": 0.922139381222376,
        "10": 0.469749967612385,
        "11": 0.8061690468282963,
        "12": 0.6859265373503921,
        "13": 0.9657156557180532,
        "mean_dice": 0.8920747876290412
    },
    "BTCV_npz/0026.npz": {
        "1": 0.9719703797960518,
        "2": 0.9650312122670918,
        "3": 0.9621048202909004,
        "4": 0.9413735343383585,
        "5": 0.9248371566128576,
        "6": 0.957764939027587,
        "7": 0.9197235365383748,
        "8": 0.9212408990186768,
        "9": 0.8578407425500733,
        "10": 0.47974818312271444,
        "11": 0.8085822465292385,
        "12": 0.6205772811918063,