{
    "BTCV_npz/0001.npz": {
        "1": 0.9753055560344085,
        "2": 0.9704027554353726,
        "3": 0.9707874471502332,
        "4": 0.9738411385863084,
        "5": 0.9597512372443393,
        "6": 0.9744835807121434,
        "7": 0.9528028852575805,
        "8": 0.9600530069222856,
        "9": 0.9101799034664326,
        "10": 0.841742730141495,
        "11": 0.906925185653792,
        "12": 0.9289085545722714,
        "13": 0.9445904261396093,
        "mean_dice": 0.9438288005627901
    },
    "BTCV_npz/0002.npz": {
        "1": 0.9518709767791311,
        "2": 0.9685662369622137,
        "3": 0.9676620667119121,
        "4": 0.9752931153393647,
        "5": 0.9419534237052485,
        "6": 0.9695374051722109,
        "7": 0.9448442738689873,
        "8": 0.9534731223789554,
        "9": 0.9099248289794255,
        "10": 0.6835486649440138,
        "11": 0.8811068750473401,
        "12": 0.8849158653846154,
        "13": 0.8519504572288459,
        "mean_dice": 0.9142036394232511
    },
    "BTCV_npz/0003.npz": {
        "1": 0.9767284434721591,
        "2": 0.9658119182601632,
        "3": 0.9700905367536107,
        "4": 0.9638690744265105,
        "5": 0.9448465825379541,
        "6": 0.967979827179261,
        "7": 0.970075201426474,
        "8": 0.9326843648261228,
        "9": 0.7482580474234998,
        "10": 0.8559372666168783,
        "11": 0.8914550301669707,
        "12": 0.9228650137741047,
        "13": 0.9505601194921584,
        "mean_dice": 0.9277816481812207
    },
    "BTCV_npz/0004.npz": {
        "1": 0.9565776410657032,
        "2": 0.9679689254493583,
        "3": 0.9752547674301282,
        "4": 0.9734027175484244,
        "5": 0.960239418554938,
        "6": 0.9687920719416255,
        "7": 0.9289198503420437,
        "8": 0.95698419015231,
        "9": 0.9532154075053728,
        "10": 0.6382607649747414,
        "11": 0.8634154953903785,
        "12": 0.8924687877567459,
        "13": 0.46610677864427114,
        "mean_dice": 0.884738985904311
    },
    "BTCV_npz/0005.npz": {
        "1": 0.979767257763149,
        "2": 0.9628184666311994,
        "3": 0.9591002554055871,
        "4": 0.9576299139404479,
        "5": 0.8988808793659644,
        "6": 0.9638577023331721,
        "7": 0.9439567268960755,
        "8": 0.8862958009105824,
        "9": 0.8262632673930674,
        "10": 0.6262500803049447,
        "11": 0.8674815595363541,
        "12": 0.8609802895517181,
        "13": 0.9032830523513753,
        "mean_dice": 0.8951204040295105
    },
    "BTCV_npz/0006.npz": {
        "1": 0.8833566554937247,
        "2": 0.9669228162002078,
        "3": 0.9663297262610584,
        "4": 0.9499166820959082,
        "5": 0.9570359642770939,
        "6": 0.9714612184745295,
        "7": 0.924225582104528,
        "8": 0.9414592207589199,
        "9": 0.9130468598094498,
        "10": 0.6935619431837283,
        "11": 0.8840735931796467,
        "12": 0.6459747817652765,
        "13": 0.9435367114788004,
        "mean_dice": 0.8954539811602209
    },
    "BTCV_npz/0007.npz": {
        "1": 0.9772896335616944,
        "2": 0.9681755333733935,
        "3": 0.9616138507754413,
        "4": 0.907228961191097,
        "5": 0.9247892626237826,
        "6": 0.9676068525903965,
        "7": 0.9448214200629508,
        "8": 0.9401845067650364,
        "9": 0.7818947173651587,
        "10": 0.583117555670637,
        "11": 0.8227594982730413,
        "12": 0.9516369047619048,
        "13": 0.9565402188927851,
        "mean_dice": 0.8990506858390247
    },
    "BTCV_npz/0008.npz": {
        "1": 0.957654178444878,
        "2": 0.9039941902687001,
        "3": 0.9024993133754463,
        "4": 0.9520257354655228,
        "5": 0.9752198241406874,
        "6": 0.9633402532160019,
        "7": 0.9069723906717116,
        "8": 0.9485691843547495,
        "9": 0.932003371733633,
        "10": 0.6618083092201622,
        "11": 0.9120156992654472,
        "12": 0.8451612903225807,
        "13": 0.9647495361781077,
        "mean_dice": 0.9096933289736638
    },
    "BTCV_npz/0009.npz": {
        "1": 0.9455674481921682,
        "2": 0.9552795500018876,
        "3": 0.9447075265607403,
        "4": 0.9615934432478795,
        "5": 0.9624272358440642,
        "6": 0.9609408295366988,
        "7": 0.9284499509883722,
        "8": 0.9177840546302609,
        "9": 0.9442071472156633,
        "10": 0.85274115467078,
        "11": 0.8950885223476179,
        "12": 0.9748788012340238,
        "13": 0.6604795050270689,
        "mean_dice": 0.9157034745767098
    },
    "BTCV_npz/0010.npz": {
        "1": 0.9694660227461968,
        "2": 0.9528249770832954,
        "3": 0.9568152467420655,
        "4": 0.9107832458659273,
        "5": 0.9552550635482561,
        "6": 0.9667437445106142,
        "7": 0.8988177014268022,
        "8": 0.900575608989823,
        "9": 0.7692178301093355,
        "10": 0.5693486324401151,
        "11": 0.8726214298708387,
        "12": 0.85007006071929,
        "13": 0.954618603154168,
        "mean_dice": 0.8867044744005176
    },
    "BTCV_npz/0021.npz": {
        "1": 0.970324968620876,
        "2": 0.9584053685168334,
        "3": 0.9690130300511404,
        "4": 0.9503950604363979,
        "5": 0.9578361177406524,
        "6": 0.9698831033606741,
        "7": 0.9377169721891293,
        "8": 0.96211571285633,
        "9": 0.743916791246541,
        "10": 0.5905277965925076,
        "11": 0.8854892861176422,
        "12": 0.6931637519872814,
        "13": 0.8587786259541985,
        "mean_dice": 0.880582045051554
    },
    "BTCV_npz/0022.npz": {
        "1": 0.9561625495926465,
        "2": 0.9697556775374018,
        "3": 0.9611607345273181,
        "4": 0.9815070383659951,
        "5": 0.9870462633451957,
        "6": 0.953339436299084,
        "7": 0.9435753536770723,
        "8": 0.9563971595863959,
        "9": 0.8317800646209589,
        "10": 0.5557308382744928,
        "11": 0.8592678215638261,
        "12": 0.921930447125621,
        "13": 0.9307604994324631,
        "mean_dice": 0.9083395295344978
    },
    "BTCV_npz/0023.npz": {
        "1": 0.9537870618313119,
        "2": 0.9583195886290871,
        "3": 0.9458715967474413,
        "5": 0.9302121800087626,
        "6": 0.9425498839732951,
        "7": 0.7432774538080784,
        "8": 0.9285606555728722,
        "9": 0.772286682901208,
        "10": 0.6109806891329042,
        "11": 0.8168519602106495,
        "12": 0.7997557997557998,
        "13": 0.949728581543545,
        "mean_dice": 0.8626818445095795
    },
    "BTCV_npz/0024.npz": {
        "1": 0.9675724772756543,
        "2": 0.9665671692852439,
        "3": 0.9640003451548883,
        "4": 0.9294148517449489,
        "5": 0.9500138593735563,
        "6": 0.9683573708440515,
        "7": 0.9579253755853923,
        "8": 0.9600010416395406,
        "9": 0.8593138730063196,
        "10": 0.7469502658742572,
        "11": 0.8865277296087272,
        "12": 0.9090454772613693,
        "13": 0.9340659340659341,
        "mean_dice": 0.9230581362092217
    },
    "BTCV_npz/0025.npz": {
        "1": 0.9796378814371933,
        "2": 0.9520632802820929,
        "3": 0.9625746573282344,
        "4": 0.9805021027144132,
        "5": 0.9623332152556382,
        "6": 0.978388510772474,
        "7": 0.9697897396323351,
        "8": 0.972031567886606,
        "9": 0.9216194476718206,
        "10": 0.47359211975892684,
        "11": 0.8061690468282963,
        "12": 0.6983023113111065,
        "13": 0.9657156557180532,
        "mean_dice": 0.8940553489690147
    },
    "BTCV_npz/0026.npz": {
        "1": 0.9719540311111504,
        "2": 0.96503938002115,
        "3": 0.9621048202909004,
        "4": 0.9413735343383585,
        "5": 0.9248371566128576,
        "6": 0.9467916658370134,
        "7": 0.9146033173983842,
        "8": 0.9223975096290825,
        "9": 0.8320671021856602,
        "10": 0.4471672128033433,
        "11": 0.8085321216710842,
        "12": 0.5568549390395621,