{
    "BTCV_npz/0001.npz": {
        "1": 0.9757425635944601,
        "2": 0.9679891734882493,
        "3": 0.9709272702894248,
        "4": 0.9738411385863084,
        "5": 0.9597512372443393,
        "6": 0.9730441888220052,
        "7": 0.9132650398617349,
        "8": 0.9600913194262909,
        "9": 0.9044249874708883,
        "10": 0.8165754495699765,
        "11": 0.92566584424622,
        "12": 0.9316642120765832,
        "13": 0.9447109892620517,
        "mean_dice": 0.939822570302964
    },
    "BTCV_npz/0002.npz": {
        "1": 0.9517565356876874,
        "2": 0.9683232034322489,
        "3": 0.9681157234601415,
        "4": 0.9751764419566804,
        "5": 0.9419534237052485,
        "6": 0.969556645303235,
        "7": 0.9456347471214108,
        "8": 0.9530635274024826,
        "9": 0.9097718348354062,
        "10": 0.6865466420315387,
        "11": 0.8811059907834101,
        "12": 0.890285885346505,
        "13": 0.8519504572288459,
        "mean_dice": 0.9148646967919108
    },
    "BTCV_npz/0003.npz": {
        "1": 0.9768865026247531,
        "2": 0.9657036398520702,
        "3": 0.970071105365223,
        "4": 0.9639583363598065,
        "5": 0.9448465825379541,
        "6": 0.9673604761184196,
        "7": 0.963603388017396,
        "8": 0.9371676439874689,
        "9": 0.7448720842239422,
        "10": 0.8501556580773414,
        "11": 0.8914455684480799,
        "12": 0.9243466299862448,
        "13": 0.9505601194921584,
        "mean_dice": 0.9269982873146814
    },
    "BTCV_npz/0004.npz": {
        "1": 0.9567339711830543,
        "2": 0.968247700358715,
        "3": 0.9692825539301818,
        "4": 0.9734027175484244,
        "5": 0.960239418554938,
        "6": 0.9669617438492608,
        "7": 0.9196815884799427,
        "8": 0.9574040913777199,
        "9": 0.9523260588068092,
        "10": 0.6309739866908651,
        "11": 0.8635083816026698,
        "12": 0.9058084772370487,
        "13": 0.46638655462184875,
        "mean_dice": 0.8839197880185753
    },
    "BTCV_npz/0005.npz": {
        "1": 0.9804321943850576,
        "2": 0.9630798969072165,
        "3": 0.9591434655416028,
        "4": 0.9576142855000974,
        "5": 0.8988808793659644,
        "6": 0.9653101934456952,
        "7": 0.934192365076077,
        "8": 0.8315850048185921,
        "9": 0.8353731994762112,
        "10": 0.6332261704528519,
        "11": 0.8674246814967808,
        "12": 0.8703800104112441,
        "13": 0.9032830523513753,
        "mean_dice": 0.8923019537868282
    },
    "BTCV_npz/0006.npz": {
        "1": 0.8833253785742179,
        "2": 0.9667868391669768,
        "3": 0.9655996361025708,
        "4": 0.9499166820959082,
        "5": 0.9570359642770939,
        "6": 0.9709013255171222,
        "7": 0.9258009125251435,
        "8": 0.9414683702574923,
        "9": 0.9158809606953013,
        "10": 0.6870675592057153,
        "11": 0.8840604561154252,
        "12": 0.7921801954951126,
        "13": 0.9435367114788004,
        "mean_dice": 0.9064277685774523
    },
    "BTCV_npz/0007.npz": {
        "1": 0.9664571208145583,
        "2": 0.9681957364906244,
        "3": 0.9615830812356027,
        "4": 0.907228961191097,
        "5": 0.9247892626237826,
        "6": 0.9673062092697787,
        "7": 0.9196298589381035,
        "8": 0.8186483697319611,
        "9": 0.7634898511343539,
        "10": 0.580287354457886,
        "11": 0.8271542375286319,
        "12": 0.9458987783595113,
        "13": 0.9562074829931972,
        "mean_dice": 0.8851443311360836
    },
    "BTCV_npz/0008.npz": {
        "1": 0.9589879713991917,
        "2": 0.9039941902687001,
        "3": 0.9024993133754463,
        "4": 0.9520257354655228,
        "5": 0.9752198241406874,
        "6": 0.9631719662088399,
        "7": 0.9071359303136679,
        "8": 0.9485691843547495,
        "9": 0.931170775059638,
        "10": 0.6926825872032305,
        "11": 0.9104172850833401,
        "12": 0.8580525338286018,
        "13": 0.9647495361781077,
        "mean_dice": 0.9129751409907481
    },
    "BTCV_npz/0009.npz": {
        "1": 0.8784578839901631,
        "2": 0.9551112218171388,
        "3": 0.9438948373117653,
        "4": 0.9615934432478795,
        "5": 0.9624272358440642,
        "6": 0.9552101604332063,
        "7": 0.9280488541190474,
        "8": 0.9181717894918994,
        "9": 0.9360774559362379,
        "10": 0.8570958692077005,
        "11": 0.8956753702413961,
        "12": 0.9744268077601411,
        "13": 0.6594844170834937,
        "mean_dice": 0.9096673343449333
    },
    "BTCV_npz/0010.npz": {
        "1": 0.9699388603570556,
        "2": 0.9526686074721009,
        "3": 0.9563470533894453,
        "4": 0.9107832458659273,
        "5": 0.9552550635482561,
        "6": 0.9669607654972838,
        "7": 0.8708346059088226,
        "8": 0.8938119337288154,
        "9": 0.7658899939680447,
        "10": 0.5785986473960658,
        "11": 0.8721669497694734,
        "12": 0.8490214352283317,
        "13": 0.954618603154168,
        "mean_dice": 0.8843765973295223
    },
    "BTCV_npz/0021.npz": {
        "1": 0.9703659597856455,
        "2": 0.958423362976778,
        "3": 0.9689253107468925,
        "4": 0.9503950604363979,
        "5": 0.9578361177406524,
        "6": 0.9681046183301434,
        "7": 0.9352087646041859,
        "8": 0.9624281425964802,
        "9": 0.7638754108624198,
        "10": 0.5953880589245745,
        "11": 0.8856506613851632,
        "12": 0.7822286962855062,
        "13": 0.8587786259541985,
        "mean_dice": 0.8890468300483876
    },
    "BTCV_npz/0022.npz": {
        "1": 0.956661932050089,
        "2": 0.969673847117059,
        "3": 0.9610910113072731,
        "4": 0.9815070383659951,
        "5": 0.9870462633451957,
        "6": 0.9534848634314198,
        "7": 0.9553496406660001,
        "8": 0.956135249646922,
        "9": 0.8459636041489794,
        "10": 0.5740333565721027,
        "11": 0.854316766393943,
        "12": 0.9223128769067045,
        "13": 0.9307604994324631,
        "mean_dice": 0.9114105345680114
    },
    "BTCV_npz/0023.npz": {
        "1": 0.9537928402227055,
        "2": 0.9582739117358867,
        "3": 0.9458620306036793,
        "5": 0.9302121800087626,
        "6": 0.9491097814269903,
        "7": 0.785543048372376,
        "8": 0.9063177154034889,
        "9": 0.7733155054677427,
        "10": 0.6114320462146549,
        "11": 0.8168519602106495,
        "12": 0.7984117287721442,
        "13": 0.949728581543545,
        "mean_dice": 0.8649042774985521
    },
    "BTCV_npz/0024.npz": {
        "1": 0.9686138489653793,
        "2": 0.9670243167855982,
        "3": 0.9639508302781971,
        "4": 0.9294148517449489,
        "5": 0.9500138593735563,
        "6": 0.9690843314060745,
        "7": 0.9559567236534157,
        "8": 0.9600624430857292,
        "9": 0.8601319651772498,
        "10": 0.7405518686692281,
        "11": 0.8864531993820868,
        "12": 0.9216362740266141,
        "13": 0.9355821987400935,
        "mean_dice": 0.9237289777913976
    },
    "BTCV_npz/0025.npz": {
        "1": 0.979712853897098,
        "2": 0.9520632802820929,
        "3": 0.9625858012954787,
        "4": 0.9805021027144132,
        "5": 0.9623332152556382,
        "6": 0.9730798863162956,
        "7": 0.9682423044600136,
        "8": 0.9720123396074574,
        "9": 0.922335297268345,
        "10": 0.4636813329862015,
        "11": 0.8061690468282963,
        "12": 0.6909315237507712,
        "13": 0.9657156557180532,
        "mean_dice": 0.8922588184907811
    },
    "BTCV_npz/0026.npz": {
        "1": 0.9715843908293476,
        "2": 0.9651362825712978,
        "3": 0.9622685446009389,
        "4": 0.9413735343383585,
        "5": 0.9248371566128576,
        "6": 0.9446085410329355,
        "7": 0.914900508862426,
        "8": 0.9216403879052376,
        "9": 0.825497155637672,
        "10": 0.4677766345524273,
        "11": 0.8085410749973704,
        "12": 0.5775401069518716,