{
    "BTCV_npz/0001.npz": {
        "1": 0.9255600931938379,
        "2": 0.7744247960998698,
        "3": 0.9032271075420177,
        "4": 0.9765066394279878,
        "5": 0.9411764705882353,
        "6": 0.9696693199447499,
        "7": 0.6776901533417612,
        "8": 0.6023489157072178,
        "9": 0.6521014460110816,
        "10": 0.6718595680450217,
        "11": 0.8522212765957446,
        "12": 0.9273346159538257,
        "13": 0.9414578587699317,
        "mean_dice": 0.8319675585554832
    },
    "BTCV_npz/0002.npz": {
        "1": 0.9410563119936338,
        "2": 0.9158960081267166,
        "3": 0.8520587452923964,
        "4": 0.8211823112990715,
        "5": 0.8942912433478472,
        "6": 0.9695723729917834,
        "7": 0.9149829515033674,
        "8": 0.878890115087498,
        "9": 0.5804687768105332,
        "10": 0.6725534114403859,
        "11": 0.8715205499346469,
        "12": 0.8769346356123215,
        "13": 0.8519073412469748,
        "mean_dice": 0.8493319057451674
    },
    "BTCV_npz/0003.npz": {
        "1": 0.4814843773494121,
        "2": 0.7514965422970998,
        "3": 0.6320380021480728,
        "4": 0.9539596417026246,
        "5": 0.8419584321383735,
        "6": 0.9638679697359944,
        "7": 0.8827104631956229,
        "8": 0.6186140864946443,
        "9": 0.6510433297699537,
        "10": 0.7781542433042917,
        "11": 0.8935176970011329,
        "12": 0.904550499445061,
        "13": 0.9494198155310919,
        "mean_dice": 0.7925242384702599
    },
    "BTCV_npz/0004.npz": {
        "1": 0.8082617404851992,
        "2": 0.9627603776412408,
        "3": 0.8573505444847767,
        "4": 0.9777522606573849,
        "5": 0.8704119850187266,
        "6": 0.9638406958136546,
        "7": 0.7580510084442138,
        "8": 0.5491595501193611,
        "9": 0.5603008037234157,
        "10": 0.6101705182178877,
        "11": 0.8536456296159952,
        "12": 0.7884572697003329,
        "13": 0.44621513944223107,
        "mean_dice": 0.7697213479511091
    },
    "BTCV_npz/0005.npz": {
        "1": 0.4190023474751221,
        "2": 0.7315303085678484,
        "3": 0.8766136263549686,
        "4": 0.94931266452179,
        "5": 0.9064714031268554,
        "6": 0.9603130502996899,
        "7": 0.8534208398349115,
        "8": 0.5060899994903766,
        "9": 0.6961690637364286,
        "10": 0.5980972741849279,
        "11": 0.8695930659008028,
        "12": 0.8632994311325634,
        "13": 0.9014892443463872,
        "mean_dice": 0.7793386399209749
    },
    "BTCV_npz/0006.npz": {
        "1": 0.8854631163205504,
        "2": 0.8459682998734738,
        "3": 0.7553101776208296,
        "4": 0.9631707860164774,
        "5": 0.958089552238806,
        "6": 0.9623525133542677,
        "7": 0.8258644879095486,
        "8": 0.882455963764469,
        "9": 0.6162914005277565,
        "10": 0.6422476345271957,
        "11": 0.8546238711368456,
        "12": 0.6439211917347429,
        "13": 0.9359868691013541,
        "mean_dice": 0.8285958357020244
    },
    "BTCV_npz/0007.npz": {
        "1": 0.5551361521857072,
        "2": 0.9224532401170059,
        "3": 0.8410454718952776,
        "4": 0.908840372226199,
        "5": 0.8226161211023418,
        "6": 0.9645829755542489,
        "7": 0.8900100743322351,
        "8": 0.6973486891192092,
        "9": 0.5658947368421052,
        "10": 0.5586298614940478,
        "11": 0.803367210758649,
        "12": 0.9302969300452945,
        "13": 0.9556681443951869,
        "mean_dice": 0.8012223061590391
    },
    "BTCV_npz/0008.npz": {
        "1": 0.9584388639877865,
        "2": 0.9056984367120524,
        "3": 0.9104354971240756,
        "4": 0.9336978810663021,
        "5": 0.9561062520246194,
        "6": 0.9606052562674545,
        "7": 0.905906490300412,
        "8": 0.9185097063753853,
        "9": 0.6048499625457162,
        "10": 0.682303810683835,
        "11": 0.8628972318401827,
        "12": 0.8416240924979833,
        "13": 0.9550108594477195,
        "mean_dice": 0.8766218723748866
    },
    "BTCV_npz/0009.npz": {
        "1": 0.34587223804894746,
        "2": 0.7157424510875712,
        "3": 0.8893988754329303,
        "4": 0.861937609389478,
        "5": 0.9176370176187283,
        "6": 0.6821323024077561,
        "7": 0.508881939049862,
        "8": 0.7066717210007581,
        "9": 0.5621283649861256,
        "10": 0.8307985318183079,
        "11": 0.8863547707591085,
        "12": 0.9632724873542995,
        "13": 0.4058518168947617,
        "mean_dice": 0.7135907789114335
    },
    "BTCV_npz/0010.npz": {
        "1": 0.9543829737767487,
        "2": 0.8316478774180773,
        "3": 0.8031406234271717,
        "4": 0.8977344701583435,
        "5": 0.8949854651162791,
        "6": 0.961284470325664,
        "7": 0.755088695682755,
        "8": 0.7440727345790636,
        "9": 0.6690095941397156,
        "10": 0.5455251818888183,
        "11": 0.8350945808732277,
        "12": 0.8233618233618234,
        "13": 0.9560581583198707,
        "mean_dice": 0.8208758960821201
    },
    "BTCV_npz/0021.npz": {
        "1": 0.9584568396205166,
        "2": 0.9390454183914586,
        "3": 0.8440352301522868,
        "4": 0.9320427916454407,
        "5": 0.9564615080150406,
        "6": 0.9661856524995887,
        "7": 0.8528447188475071,
        "8": 0.7468265492528924,
        "9": 0.5499446571464862,
        "10": 0.5981384055038446,
        "11": 0.8218112007926842,
        "12": 0.7166276346604216,
        "13": 0.8585324592937196,
        "mean_dice": 0.8262271589093759
    },
    "BTCV_npz/0022.npz": {
        "1": 0.9511016146263783,
        "2": 0.9729169290995242,
        "3": 0.9604532005484593,
        "4": 0.97570739696115,
        "5": 0.8586572438162544,
        "6": 0.9343256719143918,
        "7": 0.8773690078037905,
        "8": 0.6648945779245916,
        "9": 0.5884091493189412,
        "10": 0.5280973451327433,
        "11": 0.8051337927521262,
        "12": 0.9132616487455197,
        "13": 0.9283819628647215,
        "mean_dice": 0.8429776570391224
    },
    "BTCV_npz/0023.npz": {
        "1": 0.9535449061865358,
        "2": 0.9616698439117854,
        "3": 0.9446942355384398,
        "5": 0.9262555230568175,
        "6": 0.9502813685803954,
        "7": 0.8491319781310993,
        "8": 0.8951958881400831,
        "9": 0.7147002902031422,
        "10": 0.6015613041481708,
        "11": 0.8415005480898056,
        "12": 0.8134260659207742,
        "13": 0.9515065913370998,
        "mean_dice": 0.8669557119370125
    },
    "BTCV_npz/0024.npz": {
        "1": 0.9635045782487153,
        "2": 0.6805488766369564,
        "3": 0.7544794497282609,
        "4": 0.9279538904899135,
        "5": 0.9325491637566624,
        "6": 0.9657637825740368,
        "7": 0.926770377981981,
        "8": 0.5612035398230089,
        "9": 0.8489058700937826,
        "10": 0.7263727004634181,
        "11": 0.8767740769484281,
        "12": 0.9088639200998752,
        "13": 0.9347120843471208,
        "mean_dice": 0.8468001777840123
    },
    "BTCV_npz/0025.npz": {
        "1": 0.971182679382452,
        "2": 0.9529682427960626,
        "3": 0.9630364514993439,
        "4": 0.9808637915374737,
        "5": 0.962875939849624,
        "6": 0.9645477907701155,
        "7": 0.952389592634164,
        "8": 0.6869059441055468,
        "9": 0.569513843983305,
        "10": 0.45735217163788594,
        "11": 0.816464489372732,
        "12": 0.7323943661971831,
        "13": 0.9640390569183139,
        "mean_dice": 0.8441949508218618
    },
    "BTCV_npz/0026.npz": {
        "1": 0.9631275921810195,
        "2": 0.9631015915561089,
        "3": 0.9218187765783448,
        "4": 0.9277754849360297,
        "5": 0.8761699273988979,
        "6": 0.9410713779559008,
        "7": 0.8787900912646676,
        "8": 0.9033063530448558,
        "9": 0.6057298263914761,
        "10": 0.4402093034419855,
        "11": 0.8116843517502135,
        "12": 0.6032802472070359,