{
    "BTCV_npz/0001.npz": {
        "1": 0.9775712221527314,
        "2": 0.9739387276217981,
        "3": 0.9709238327919028,
        "4": 0.9738411385863084,
        "5": 0.9597512372443393,
        "6": 0.9755697466388377,
        "7": 0.9541548340216658,
        "8": 0.9600774045082896,
        "9": 0.9113143591841506,
        "10": 0.8160314232580774,
        "11": 0.90700618058248,
        "12": 0.9314907380182299,
        "13": 0.9447109892620517,
        "mean_dice": 0.942798602605451
    },
    "BTCV_npz/0002.npz": {
        "1": 0.951869138050697,
        "2": 0.968638871199708,
        "3": 0.9676089443054839,
        "4": 0.9752931153393647,
        "5": 0.9419534237052485,
        "6": 0.9704083649356193,
        "7": 0.9369557229757527,
        "8": 0.9535312866968629,
        "9": 0.910394140821604,
        "10": 0.6946199829205807,
        "11": 0.8811068750473401,
        "12": 0.8875544212580694,
        "13": 0.8519504572288459,
        "mean_dice": 0.9147603649603983
    },
    "BTCV_npz/0003.npz": {
        "1": 0.976627733547073,
        "2": 0.96580350088468,
        "3": 0.9701801481289822,
        "4": 0.9638690744265105,
        "5": 0.9448465825379541,
        "6": 0.9675627697188122,
        "7": 0.9719290187522635,
        "8": 0.9250584714021688,
        "9": 0.7487119717097334,
        "10": 0.8302664732381462,
        "11": 0.8914675384809665,
        "12": 0.9228650137741047,
        "13": 0.9505601194921584,
        "mean_dice": 0.9253652627764273
    },
    "BTCV_npz/0004.npz": {
        "1": 0.9564380735721595,
        "2": 0.9678471439328072,
        "3": 0.9748573061759737,
        "4": 0.9734027175484244,
        "5": 0.960239418554938,
        "6": 0.9673194162753386,
        "7": 0.9306115820825014,
        "8": 0.9567294641402899,
        "9": 0.9528423772609819,
        "10": 0.6789846413895608,
        "11": 0.8627107577677919,
        "12": 0.9091619456925181,
        "13": 0.46610677864427114,
        "mean_dice": 0.8890193556182736
    },
    "BTCV_npz/0005.npz": {
        "1": 0.9794932494202103,
        "2": 0.9627622979016168,
        "3": 0.9590870390010008,
        "4": 0.9576299139404479,
        "5": 0.8988808793659644,
        "6": 0.9631562966756938,
        "7": 0.9336888045187646,
        "8": 0.8737589974763785,
        "9": 0.8131342003715878,
        "10": 0.6317269589671481,
        "11": 0.8674815595363541,
        "12": 0.855890603085554,
        "13": 0.9032830523513753,
        "mean_dice": 0.8923056809701612
    },
    "BTCV_npz/0006.npz": {
        "1": 0.8833566554937247,
        "2": 0.9669055953770073,
        "3": 0.9665392021857324,
        "4": 0.9499166820959082,
        "5": 0.9570359642770939,
        "6": 0.9692362765826538,
        "7": 0.9248369223514618,
        "8": 0.9414592207589199,
        "9": 0.9059004597633542,
        "10": 0.694041958041958,
        "11": 0.8839397280411614,
        "12": 0.6159921026653504,
        "13": 0.9435367114788004,
        "mean_dice": 0.8925151907010096
    },
    "BTCV_npz/0007.npz": {
        "1": 0.9762839012370682,
        "2": 0.9681804391962848,
        "3": 0.9615779741113623,
        "4": 0.907228961191097,
        "5": 0.9247892626237826,
        "6": 0.9679033817757469,
        "7": 0.9453706710259654,
        "8": 0.9477556660794652,
        "9": 0.7750136782184557,
        "10": 0.601289251978555,
        "11": 0.8233845408482549,
        "12": 0.9462794465910507,
        "13": 0.9565402188927851,
        "mean_dice": 0.9001228764438364
    },
    "BTCV_npz/0008.npz": {
        "1": 0.9565175760912497,
        "2": 0.9039941902687001,
        "3": 0.9024993133754463,
        "4": 0.9520257354655228,
        "5": 0.9752198241406874,
        "6": 0.9672782207261245,
        "7": 0.9149271899373338,
        "8": 0.9485691843547495,
        "9": 0.9322494494682098,
        "10": 0.6418132366273799,
        "11": 0.889789519627317,
        "12": 0.8247252747252747,
        "13": 0.9647495361781077,
        "mean_dice": 0.9057198654604695
    },
    "BTCV_npz/0009.npz": {
        "1": 0.9733036395824403,
        "2": 0.9553359057032613,
        "3": 0.9436127337771136,
        "4": 0.9615934432478795,
        "5": 0.9624272358440642,
        "6": 0.9610337371886098,
        "7": 0.9259457301088523,
        "8": 0.9175688550147237,
        "9": 0.943187250996016,
        "10": 0.8528073426539503,
        "11": 0.8951148291374004,
        "12": 0.9748788012340238,
        "13": 0.6888556469708302,
        "mean_dice": 0.9196665501122434
    },
    "BTCV_npz/0010.npz": {
        "1": 0.969476644488648,
        "2": 0.95282566322782,
        "3": 0.9569110185869241,
        "4": 0.9107832458659273,
        "5": 0.9552550635482561,
        "6": 0.9660987715160688,
        "7": 0.9327326836444756,
        "8": 0.9009199012788871,
        "9": 0.7609428559337574,
        "10": 0.5797131217691965,
        "11": 0.8724186018310799,
        "12": 0.8455436304246383,
        "13": 0.954618603154168,
        "mean_dice": 0.8890953696361422
    },
    "BTCV_npz/0021.npz": {
        "1": 0.970324968620876,
        "2": 0.9584108189878241,
        "3": 0.9690192645447588,
        "4": 0.9503950604363979,
        "5": 0.9578361177406524,
        "6": 0.9727975425418796,
        "7": 0.9340726811000208,
        "8": 0.9621142262944142,
        "9": 0.7664648230226606,
        "10": 0.5861153064944534,
        "11": 0.8828324413338823,
        "12": 0.7002360346184107,
        "13": 0.8587786259541985,
        "mean_dice": 0.8822613778223407
    },
    "BTCV_npz/0022.npz": {
        "1": 0.9541471201459474,
        "2": 0.9697556775374018,
        "3": 0.9611607345273181,
        "4": 0.9815070383659951,
        "5": 0.9870462633451957,
        "6": 0.9535589192500111,
        "7": 0.9440170600421824,
        "8": 0.956931443159883,
        "9": 0.8459409594095941,
        "10": 0.5684426008727038,
        "11": 0.8591589993156414,
        "12": 0.9207815275310834,
        "13": 0.9307604994324631,
        "mean_dice": 0.9102468340719554
    },
    "BTCV_npz/0023.npz": {
        "1": 0.9537870618313119,
        "2": 0.9583195886290871,
        "3": 0.9458715967474413,
        "5": 0.9302121800087626,
        "6": 0.9430585252634528,
        "7": 0.7537254607559777,
        "8": 0.9306253501342007,
        "9": 0.7238635233263703,
        "10": 0.6062685884237017,
        "11": 0.8168519602106495,
        "12": 0.835197174808711,
        "13": 0.949728581543545,
        "mean_dice": 0.862292465973601
    },
    "BTCV_npz/0024.npz": {
        "1": 0.9681390837188479,
        "2": 0.9664893344053097,
        "3": 0.9639735259347468,
        "4": 0.9294148517449489,
        "5": 0.9500138593735563,
        "6": 0.9687678643352641,
        "7": 0.9567066635370506,
        "8": 0.9600531409145968,
        "9": 0.8567473003247162,
        "10": 0.7527557966757663,
        "11": 0.8863423711351045,
        "12": 0.9209486166007905,
        "13": 0.9342828077314344,
        "mean_dice": 0.924202708956318
    },
    "BTCV_npz/0025.npz": {
        "1": 0.9796382095805971,
        "2": 0.9520632802820929,
        "3": 0.9625746573282344,
        "4": 0.9805021027144132,
        "5": 0.9623332152556382,
        "6": 0.9784283815919368,
        "7": 0.9605323318440008,
        "8": 0.9720085852262564,
        "9": 0.9219108763012996,
        "10": 0.4726658875470718,
        "11": 0.8061690468282963,
        "12": 0.7025703794369645,
        "13": 0.9657156557180532,
        "mean_dice": 0.8936240468965274
    },
    "BTCV_npz/0026.npz": {
        "1": 0.9719794639780148,
        "2": 0.9650312122670918,
        "3": 0.9621048202909004,
        "4": 0.9413735343383585,
        "5": 0.9248371566128576,
        "6": 0.9455816828897036,
        "7": 0.9142258610757118,
        "8": 0.9223111880545336,
        "9": 0.8406293516013893,
        "10": 0.46107672106546616,
        "11": 0.8085822465292385,
        "12": 0.5966166309268525,