{
    "BTCV_npz/0001.npz": {
        "1": 0.9761928791220118,
        "2": 0.8655727702599638,
        "3": 0.9610570182722649,
        "4": 0.9738411385863084,
        "5": 0.9565217391304348,
        "6": 0.9715048398612283,
        "7": 0.8104867034621174,
        "8": 0.9609102428355696,
        "9": 0.90140490233854,
        "10": 0.7924186443086543,
        "11": 0.9217210040144543,
        "12": 0.9338418659234268,
        "13": 0.9442285714285714,
        "mean_dice": 0.9207463322725804
    },
    "BTCV_npz/0002.npz": {
        "1": 0.9482842687166368,
        "2": 0.9681469591581952,
        "3": 0.9686287314604343,
        "4": 0.9549190535491905,
        "5": 0.9415990730011587,
        "6": 0.968957822080204,
        "7": 0.9470171226462886,
        "8": 0.9496297872987396,
        "9": 0.9089501012056675,
        "10": 0.6764553014553014,
        "11": 0.892350521986713,
        "12": 0.8860721291685529,
        "13": 0.8544362292051756,
        "mean_dice": 0.9127267000717123
    },
    "BTCV_npz/0003.npz": {
        "1": 0.8058041624741831,
        "2": 0.9546131792220692,
        "3": 0.9504758654475998,
        "4": 0.964732059006256,
        "5": 0.9435680389893549,
        "6": 0.9675168243010822,
        "7": 0.8431795484836222,
        "8": 0.9070818848030815,
        "9": 0.7488051821521204,
        "10": 0.838844070749536,
        "11": 0.9170921058183199,
        "12": 0.9204859193815571,
        "13": 0.9505601194921584,
        "mean_dice": 0.9009814584862261
    },
    "BTCV_npz/0004.npz": {
        "1": 0.9544729633762808,
        "2": 0.9565513673132011,
        "3": 0.8906806539286994,
        "4": 0.9734027175484244,
        "5": 0.9522169608265174,
        "6": 0.9673618305928309,
        "7": 0.8699514790087307,
        "8": 0.8572390705782145,
        "9": 0.8778486859389963,
        "10": 0.6704808848986298,
        "11": 0.8684547209751332,
        "12": 0.9024050884516001,
        "13": 0.45426642111724985,
        "mean_dice": 0.861179449581116
    },
    "BTCV_npz/0005.npz": {
        "1": 0.7979757634220601,
        "2": 0.9647750976092421,
        "3": 0.9603967761934284,
        "4": 0.9576162495898828,
        "5": 0.8988495680904423,
        "6": 0.9628991894151059,
        "7": 0.9412699769645411,
        "8": 0.857971327957607,
        "9": 0.7910574850082432,
        "10": 0.6202591588101081,
        "11": 0.8967586279240533,
        "12": 0.8656195462478184,
        "13": 0.9032830523513753,
        "mean_dice": 0.8783639861218389
    },
    "BTCV_npz/0006.npz": {
        "1": 0.8868117741900342,
        "2": 0.965019260807453,
        "3": 0.95719591355426,
        "4": 0.9499537465309899,
        "5": 0.9570359642770939,
        "6": 0.9673761114039005,
        "7": 0.8914930642873669,
        "8": 0.9416101099929791,
        "9": 0.8452325010703508,
        "10": 0.7001723466948352,
        "11": 0.8816450577191736,
        "12": 0.762071992976295,
        "13": 0.9427567679272577,
        "mean_dice": 0.8960288162639992
    },
    "BTCV_npz/0007.npz": {
        "1": 0.7119369286394712,
        "2": 0.9681598607468501,
        "3": 0.9578360196215837,
        "4": 0.9110380144282885,
        "5": 0.9261519557648986,
        "6": 0.9663146261066478,
        "7": 0.9022001947462281,
        "8": 0.9254641976551099,
        "9": 0.7718741245681203,
        "10": 0.5783899681632123,
        "11": 0.7616316674572032,
        "12": 0.9396107972379159,
        "13": 0.9565402188927851,
        "mean_dice": 0.8674729672329473
    },
    "BTCV_npz/0008.npz": {
        "1": 0.9588765180977553,
        "2": 0.9039941902687001,
        "3": 0.9024993133754463,
        "4": 0.9517376316034659,
        "5": 0.9752198241406874,
        "6": 0.9633576069430096,
        "7": 0.922707111174703,
        "8": 0.9480579586314928,
        "9": 0.9206986500619072,
        "10": 0.6952443811442665,
        "11": 0.910517882844961,
        "12": 0.8587360594795539,
        "13": 0.9650479430869162,
        "mean_dice": 0.9135919285271434
    },
    "BTCV_npz/0009.npz": {
        "1": 0.630049907849885,
        "2": 0.9494708532443952,
        "3": 0.9263767207569257,
        "4": 0.960952380952381,
        "5": 0.9619836653152359,
        "6": 0.906025999976765,
        "7": 0.6677563693966034,
        "8": 0.8621095042973075,
        "9": 0.8398472711815963,
        "10": 0.8555554466796664,
        "11": 0.9116486532852976,
        "12": 0.9737364820128007,
        "13": 0.6130976295701085,
        "mean_dice": 0.8506623757322281
    },
    "BTCV_npz/0010.npz": {
        "1": 0.9699076102300496,
        "2": 0.9526956017539833,
        "3": 0.946382534025426,
        "4": 0.9107832458659273,
        "5": 0.9549120872744153,
        "6": 0.964092200169303,
        "7": 0.8090662656393189,
        "8": 0.8953136297903109,
        "9": 0.7555877013841615,
        "10": 0.5612094911457969,
        "11": 0.8794445664641141,
        "12": 0.8288374313678682,
        "13": 0.9544210017716218,
        "mean_dice": 0.8755887205294074
    },
    "BTCV_npz/0021.npz": {
        "1": 0.969728468005179,
        "2": 0.9584664536741214,
        "3": 0.9689571668072889,
        "4": 0.9495734745519526,
        "5": 0.9578361177406524,
        "6": 0.9685106808173519,
        "7": 0.9123184159492875,
        "8": 0.9611583453336753,
        "9": 0.7563361423958416,
        "10": 0.5884437034335435,
        "11": 0.8825550220699919,
        "12": 0.7428571428571429,
        "13": 0.8587786259541985,
        "mean_dice": 0.8827322891992483
    },
    "BTCV_npz/0022.npz": {
        "1": 0.9485214467025593,
        "2": 0.9704319975001953,
        "3": 0.9607923014946181,
        "4": 0.9815070383659951,
        "5": 0.9737752161383285,
        "6": 0.954382798763816,
        "7": 0.9461616786064948,
        "8": 0.9162013591308488,
        "9": 0.7782038105779113,
        "10": 0.5579855646605525,
        "11": 0.8531841520423021,
        "12": 0.922695035460993,
        "13": 0.9295454545454546,
        "mean_dice": 0.8994913733838517
    },
    "BTCV_npz/0023.npz": {
        "1": 0.957001531319122,
        "2": 0.958211328511315,
        "3": 0.945395388315179,
        "5": 0.9299705863946429,
        "6": 0.9445771956736441,
        "7": 0.7833998112230917,
        "8": 0.9084305488141664,
        "9": 0.7705540821446492,
        "10": 0.6160612724653067,
        "11": 0.8166608166608167,
        "12": 0.807715491259795,
        "13": 0.949728581543545,
        "mean_dice": 0.8656422195271061
    },
    "BTCV_npz/0024.npz": {
        "1": 0.9665354397229028,
        "2": 0.921535803002484,
        "3": 0.9455353506737256,
        "4": 0.9294148517449489,
        "5": 0.9500138593735563,
        "6": 0.9668356333371932,
        "7": 0.9379382336156191,
        "8": 0.9485337416087622,
        "9": 0.8582325488031314,
        "10": 0.7463246793869253,
        "11": 0.9085563069685386,
        "12": 0.9160267525390141,
        "13": 0.9340659340659341,
        "mean_dice": 0.9176576257571335
    },
    "BTCV_npz/0025.npz": {
        "1": 0.9795508416696798,
        "2": 0.952248944567299,
        "3": 0.9622273224512559,
        "4": 0.9808665754035211,
        "5": 0.9623332152556382,
        "6": 0.9636245772519242,
        "7": 0.9553626702985641,
        "8": 0.9747149010243478,
        "9": 0.6149682826049002,
        "10": 0.45781710914454277,
        "11": 0.8061690468282963,
        "12": 0.7170191339375629,
        "13": 0.9657156557180532,
        "mean_dice": 0.8686629443196605
    },
    "BTCV_npz/0026.npz": {
        "1": 0.9711252354877898,
        "2": 0.9675820707070707,
        "3": 0.9555725804616446,
        "4": 0.9413735343383585,
        "5": 0.9243830654290243,
        "6": 0.9425736659498555,
        "7": 0.912894080964216,
        "8": 0.9230712661067074,
        "9": 0.7861638369977129,
        "10": 0.4510139960011425,
        "11": 0.8096367337516527,
        "12": 0.5632070831283817,