{
    "BTCV_npz/0001.npz": {
        "1": 0.9749598722826028,
        "2": 0.9751139680561477,
        "3": 0.970990972326132,
        "4": 0.9738411385863084,
        "5": 0.9597512372443393,
        "6": 0.9832514759976626,
        "7": 0.949642173618403,
        "8": 0.9601129667724277,
        "9": 0.905290650061605,
        "10": 0.8122316472929102,
        "11": 0.906975153083914,
        "12": 0.9333529066353494,
        "13": 0.9442285714285714,
        "mean_dice": 0.9422879025681825
    },
    "BTCV_npz/0002.npz": {
        "1": 0.951869138050697,
        "2": 0.968638871199708,
        "3": 0.9675655633134533,
        "4": 0.9752931153393647,
        "5": 0.9419534237052485,
        "6": 0.9786939048811482,
        "7": 0.9393084776355124,
        "8": 0.9535312866968629,
        "9": 0.9106382240420566,
        "10": 0.6820181112548512,
        "11": 0.8811179983083585,
        "12": 0.8926756352765322,
        "13": 0.8519504572288459,
        "mean_dice": 0.9150195543794338
    },
    "BTCV_npz/0003.npz": {
        "1": 0.9763813417980309,
        "2": 0.9657981271595253,
        "3": 0.9701850564117491,
        "4": 0.9638690744265105,
        "5": 0.9448465825379541,
        "6": 0.9781189062124356,
        "7": 0.9646665175097926,
        "8": 0.9234940449861568,
        "9": 0.7651192559889234,
        "10": 0.85524399805847,
        "11": 0.8914675384809665,
        "12": 0.9225682006062276,
        "13": 0.9505601194921584,
        "mean_dice": 0.9286399048976075
    },
    "BTCV_npz/0004.npz": {
        "1": 0.9551971399137577,
        "2": 0.9678326565932237,
        "3": 0.974763141745059,
        "4": 0.9734027175484244,
        "5": 0.960239418554938,
        "6": 0.9812667600180306,
        "7": 0.945005026622482,
        "8": 0.9564493055429802,
        "9": 0.952387712449229,
        "10": 0.6462918660287081,
        "11": 0.8645031731918938,
        "12": 0.9170221015897635,
        "13": 0.46610677864427114,
        "mean_dice": 0.8892667537263661
    },
    "BTCV_npz/0005.npz": {
        "1": 0.9786411886866453,
        "2": 0.9627586948341665,
        "3": 0.9590627551731692,
        "4": 0.9576299139404479,
        "5": 0.8988808793659644,
        "6": 0.9760912618355064,
        "7": 0.9530342089718993,
        "8": 0.9191319735018111,
        "9": 0.8278376664552949,
        "10": 0.6303771487214573,
        "11": 0.8674815595363541,
        "12": 0.9050131926121372,
        "13": 0.9032830523513753,
        "mean_dice": 0.9030171919989407
    },
    "BTCV_npz/0006.npz": {
        "1": 0.8833566554937247,
        "2": 0.9669163406827881,
        "3": 0.9666074093582653,
        "4": 0.9499166820959082,
        "5": 0.9570359642770939,
        "6": 0.9773093242277141,
        "7": 0.9130514660244793,
        "8": 0.9414592207589199,
        "9": 0.8621617734678364,
        "10": 0.6705142857142857,
        "11": 0.8836292878734106,
        "12": 0.5477439664218258,
        "13": 0.9435367114788004,
        "mean_dice": 0.881787622144235
    },
    "BTCV_npz/0007.npz": {
        "1": 0.97679498256191,
        "2": 0.9681804391962848,
        "3": 0.9615948467347846,
        "4": 0.907228961191097,
        "5": 0.9247892626237826,
        "6": 0.9798863855853868,
        "7": 0.9564120058353995,
        "8": 0.9287462859492086,
        "9": 0.7815196021741645,
        "10": 0.5992014055262738,
        "11": 0.8231493073785389,
        "12": 0.939252924160483,
        "13": 0.9565402188927851,
        "mean_dice": 0.9002535867546231
    },
    "BTCV_npz/0008.npz": {
        "1": 0.9564464517982396,
        "2": 0.9039941902687001,
        "3": 0.9024993133754463,
        "4": 0.9520257354655228,
        "5": 0.9752198241406874,
        "6": 0.9681553989458456,
        "7": 0.9100448247758761,
        "8": 0.9485691843547495,
        "9": 0.9321932650073207,
        "10": 0.6521817331558689,
        "11": 0.8900335068082983,
        "12": 0.8247874965725254,
        "13": 0.9647495361781077,
        "mean_dice": 0.9062231123728607
    },
    "BTCV_npz/0009.npz": {
        "1": 0.9828590274475175,
        "2": 0.9553359057032613,
        "3": 0.9429150182851395,
        "4": 0.9615934432478795,
        "5": 0.9624272358440642,
        "6": 0.9689947536441872,
        "7": 0.9235652615540884,
        "8": 0.9175390544651459,
        "9": 0.943897148088443,
        "10": 0.8603999036376777,
        "11": 0.8951002959552778,
        "12": 0.9748788012340238,
        "13": 0.6881801125703565,
        "mean_dice": 0.9213604585905432
    },
    "BTCV_npz/0010.npz": {
        "1": 0.969476644488648,
        "2": 0.9528187316314882,
        "3": 0.9569335851493771,
        "4": 0.9107832458659273,
        "5": 0.9552550635482561,
        "6": 0.9794312775762848,
        "7": 0.9648796648738494,
        "8": 0.9009423378954454,
        "9": 0.7602516078874832,
        "10": 0.5742615304888582,
        "11": 0.8720784970102731,
        "12": 0.8436397836821068,
        "13": 0.954618603154168,
        "mean_dice": 0.8919515825578588
    },
    "BTCV_npz/0021.npz": {
        "1": 0.970324968620876,
        "2": 0.9584108189878241,
        "3": 0.969024258641384,
        "4": 0.9503950604363979,
        "5": 0.9578361177406524,
        "6": 0.9750310962347891,
        "7": 0.9203662678114428,
        "8": 0.9621142262944142,
        "9": 0.7709078468572139,
        "10": 0.576620928040222,
        "11": 0.8868270778441886,
        "12": 0.6931637519872814,
        "13": 0.8587786259541985,
        "mean_dice": 0.880753926573145
    },
    "BTCV_npz/0022.npz": {
        "1": 0.9554949897183145,
        "2": 0.9697556775374018,
        "3": 0.9611607345273181,
        "4": 0.9815070383659951,
        "5": 0.9870462633451957,
        "6": 0.9576674352783028,
        "7": 0.9440853528824598,
        "8": 0.9569260789238785,
        "9": 0.820386974988202,
        "10": 0.5539349080222052,
        "11": 0.8591806320143557,
        "12": 0.9207815275310834,
        "13": 0.9307604994324631,
        "mean_dice": 0.907591393274398
    },
    "BTCV_npz/0023.npz": {
        "1": 0.9537870618313119,
        "2": 0.9583195886290871,
        "3": 0.9458715967474413,
        "5": 0.9302121800087626,
        "6": 0.9483221158153826,
        "7": 0.7607254362942047,
        "8": 0.9309448377901679,
        "9": 0.7747327317317079,
        "10": 0.6076928912829073,
        "11": 0.8168519602106495,
        "12": 0.8171206225680934,
        "13": 0.949728581543545,
        "mean_dice": 0.8661924670377718
    },
    "BTCV_npz/0024.npz": {
        "1": 0.9681397738951696,
        "2": 0.9664976008621501,
        "3": 0.9639735259347468,
        "4": 0.9294148517449489,
        "5": 0.9500138593735563,
        "6": 0.974853737687299,
        "7": 0.9495473353101007,
        "8": 0.9600656455142232,
        "9": 0.8677125027969073,
        "10": 0.7162186283959873,
        "11": 0.8867779797618922,
        "12": 0.929811689899731,
        "13": 0.9342828077314344,
        "mean_dice": 0.9228699953006267
    },
    "BTCV_npz/0025.npz": {
        "1": 0.9796382095805971,
        "2": 0.9520632802820929,
        "3": 0.9625746573282344,
        "4": 0.9805021027144132,
        "5": 0.9623332152556382,
        "6": 0.981420019184325,
        "7": 0.9583865094355676,
        "8": 0.9720085852262564,
        "9": 0.9361973721856637,
        "10": 0.4674598530654704,
        "11": 0.8061690468282963,
        "12": 0.7395091053048297,
        "13": 0.9657156557180532,
        "mean_dice": 0.8972290470853413
    },
    "BTCV_npz/0026.npz": {
        "1": 0.9719703797960518,
        "2": 0.9650312122670918,
        "3": 0.9621048202909004,
        "4": 0.9413735343383585,
        "5": 0.9248371566128576,
        "6": 0.9578354266317196,
        "7": 0.9197321512255574,
        "8": 0.9212707692470044,
        "9": 0.8580207036727748,
        "10": 0.4825866050808314,
        "11": 0.8085822465292385,
        "12": 0.6208983011403305,