{
    "BTCV_npz/0001.npz": {
        "1": 0.9739959144140937,
        "2": 0.958151305880937,
        "3": 0.9603201628361653,
        "4": 0.6098987070740344,
        "5": 0.8941451180489493,
        "6": 0.9493009880741198,
        "7": 0.9342140754904723,
        "8": 0.8868503574863068,
        "9": 0.8872623645431025,
        "10": 0.6419272417569047,
        "11": 0.8584583881819512,
        "12": 0.2592871108437359,
        "13": 0.8063963449457453,
        "mean_dice": 0.8169390830443477
    },
    "BTCV_npz/0002.npz": {
        "1": 0.9512319542927103,
        "2": 0.9403219335721676,
        "3": 0.9511427107673468,
        "4": 0.913510685394615,
        "5": 0.6157882728724617,
        "6": 0.9585844891022157,
        "7": 0.9080920158945778,
        "8": 0.873251876932136,
        "9": 0.8991588479836182,
        "10": 0.5010884997633697,
        "11": 0.8106139696743724,
        "12": 0.7104410314217275,
        "13": 0.671842775688463,
        "mean_dice": 0.8234668510276755
    },
    "BTCV_npz/0003.npz": {
        "1": 0.9661128034328254,
        "2": 0.9331242164902017,
        "3": 0.9568697960144695,
        "4": 0.9233684640165595,
        "5": 0.7065972222222222,
        "6": 0.9548065535412041,
        "7": 0.9433864333710302,
        "8": 0.8618916755382799,
        "9": 0.7086310506504656,
        "10": 0.8234530175706646,
        "11": 0.8683820173436787,
        "12": 0.3800332778702163,
        "13": 0.5262993600749181,
        "mean_dice": 0.8117658375489796
    },
    "BTCV_npz/0004.npz": {
        "1": 0.9506104283206076,
        "2": 0.9444825335987642,
        "3": 0.968743193204095,
        "4": 0.8577206413404593,
        "5": 0.7527813899725473,
        "6": 0.9471448025237807,
        "7": 0.9183336473352322,
        "8": 0.9061350463851855,
        "9": 0.9124724227639704,
        "10": 0.46262341325811,
        "11": 0.7415398395574867,
        "12": 0.6792168674698795,
        "13": 0.19244204509368054,
        "mean_dice": 0.787249713140292
    },
    "BTCV_npz/0005.npz": {
        "1": 0.9740067746932427,
        "2": 0.9579800364924332,
        "3": 0.9351439392452756,
        "4": 0.89749430523918,
        "5": 0.7584071147814349,
        "6": 0.9357983279347561,
        "7": 0.9226931513131533,
        "8": 0.8871431234771876,
        "9": 0.7419538999500463,
        "10": 0.5689626556016597,
        "11": 0.8679767272420092,
        "12": 0.6737191454055175,
        "13": 0.3476678043230944,
        "mean_dice": 0.8053036158229993
    },
    "BTCV_npz/0006.npz": {
        "1": 0.8623130370787246,
        "2": 0.9290619857377949,
        "3": 0.9421393681771989,
        "4": 0.8203459177980287,
        "5": 0.8035240164132271,
        "6": 0.950633948174295,
        "7": 0.8892577050934619,
        "8": 0.9058664608259359,
        "9": 0.8342377328785096,
        "10": 0.5703993161558187,
        "11": 0.8232080602844102,
        "12": 0.01890359168241966,
        "13": 0.3777205710273812,
        "mean_dice": 0.7482778239482466
    },
    "BTCV_npz/0007.npz": {
        "1": 0.9774630919293648,
        "2": 0.9414394847647676,
        "3": 0.8998878203382816,
        "4": 0.8251078466771821,
        "5": 0.8114760779199609,
        "6": 0.958238531282617,
        "7": 0.889399293286219,
        "8": 0.9167979689084796,
        "9": 0.7671668940427467,
        "10": 0.39019430016214585,
        "11": 0.7546858012611437,
        "12": 0.4871205708066272,
        "13": 0.5126486486486487,
        "mean_dice": 0.7793558715406295
    },
    "BTCV_npz/0008.npz": {
        "1": 0.9558322005199017,
        "2": 0.6890799767246396,
        "3": 0.8101073035652475,
        "4": 0.746313083479908,
        "5": 0.7225276979893311,
        "6": 0.9552386410072273,
        "7": 0.9064413505285123,
        "8": 0.8822857142857143,
        "9": 0.9114817264951314,
        "10": 0.38707398905173934,
        "11": 0.7463988211589931,
        "12": 0.4537313432835821,
        "13": 0.6160287081339713,
        "mean_dice": 0.7525031197095307
    },
    "BTCV_npz/0009.npz": {
        "1": 0.9712339923901385,
        "2": 0.9194433352559268,
        "3": 0.9290587624452319,
        "4": 0.4453908763959871,
        "5": 0.79456906729634,
        "6": 0.9448884597225298,
        "7": 0.8879605244324851,
        "8": 0.8732089464264663,
        "9": 0.890959779066267,
        "10": 0.7673630880579011,
        "11": 0.8692347555709103,
        "12": 0.8263099219620959,
        "13": 0.09085545722713864,
        "mean_dice": 0.7854213050961092
    },
    "BTCV_npz/0010.npz": {
        "1": 0.969476644488648,
        "2": 0.9327136868963003,
        "3": 0.9279731832414468,
        "4": 0.647977895001256,
        "5": 0.898326601269475,
        "6": 0.9513053310194399,
        "7": 0.9561543386777587,
        "8": 0.882872291117919,
        "9": 0.7267811350206266,
        "10": 0.43379381637064185,
        "11": 0.831303742730752,
        "12": 0.5868002613809628,
        "13": 0.5259761213294611,
        "mean_dice": 0.7901119268111298
    },
    "BTCV_npz/0021.npz": {
        "1": 0.930394834184256,
        "2": 0.9373791293923389,
        "3": 0.9415913599294689,
        "4": 0.8343930559586312,
        "5": 0.8365817091454273,
        "6": 0.9425061495887462,
        "7": 0.9118299493710528,
        "8": 0.9007814626180942,
        "9": 0.6601316657813833,
        "10": 0.27562481028027924,
        "11": 0.7955683164512376,
        "12": 0.15492957746478872,
        "13": 0.13516068052930058,
        "mean_dice": 0.7120671308226927
    },
    "BTCV_npz/0022.npz": {
        "1": 0.951616177198951,
        "2": 0.9202832861189801,
        "3": 0.9611607345273181,
        "4": 0.10619634191862636,
        "5": 0.7697932780199691,
        "6": 0.8430805472695327,
        "7": 0.689138445238576,
        "8": 0.8957552929489435,
        "9": 0.7417939333550501,
        "10": 0.2862494289629968,
        "11": 0.7744145666150453,
        "12": 0.42934415145368493,
        "13": 0.7087872185911401,
        "mean_dice": 0.6982779540168319
    },
    "BTCV_npz/0023.npz": {
        "1": 0.9529602399148689,
        "2": 0.9094735266884277,
        "3": 0.8820918841718827,
        "5": 0.8462149447058105,
        "6": 0.9280046393227793,
        "7": 0.6778603106236198,
        "8": 0.9112523402147541,
        "9": 0.7481678569761472,
        "10": 0.49538401099980356,
        "11": 0.7935415457873992,
        "12": 0.005934718100890208,
        "13": 0.7200732433051041,
        "mean_dice": 0.739246605067624
    },
    "BTCV_npz/0024.npz": {
        "1": 0.9674224460733409,
        "2": 0.9432923565742637,
        "3": 0.9456987955941393,
        "4": 0.07272727272727272,
        "5": 0.6057462918784359,
        "6": 0.9360422629457734,
        "7": 0.9373749343230523,
        "8": 0.8970273777887646,
        "9": 0.7960243957533318,
        "10": 0.6431248198328049,
        "11": 0.8357862850577114,
        "12": 0.46576072475353053,
        "13": 0.6627442740071443,
        "mean_dice": 0.7468286336391974
    },
    "BTCV_npz/0025.npz": {
        "1": 0.9559041373401554,
        "2": 0.891864372263517,
        "3": 0.9042543215279297,
        "4": 0.8851636747624076,
        "5": 0.36544596146484626,
        "6": 0.9544388806529854,
        "7": 0.952504763543439,
        "8": 0.8792529831876857,
        "9": 0.831029502785228,
        "10": 0.2534284147010422,
        "11": 0.45820182547129573,
        "12": 0.5809968847352025,
        "13": 0.5803468208092486,
        "mean_dice": 0.7302178879419219
    },
    "BTCV_npz/0026.npz": {
        "1": 0.9015596675745023,
        "2": 0.8900959099254203,
        "3": 0.8955921881715339,
        "4": 0.716455483762692,
        "5": 0.6588761663674094,
        "6": 0.8828413300063029,
        "7": 0.8339187085933089,
        "8": 0.9142161127544806,
        "9": 0.8077389714803371,
        "10": 0.2387444514901712,
        "11": 0.3866024745043226,
        "12": 0.11703122078893251,